Time,SpeciesName,ClimateRegion,NumberAttempts,AvgTempMult,AvgMinJanTempMult,AvgCWDLimit,AvgSoilMoistureMult,AvgDryDaysMult,AvgProbEst,DryDays,BeginGDD,EndGDD,AvgCWD,
10, ACRU, eco1, 0, NaN, NaN, NaN, NaN, NaN, NaN, NaN, NaN, NaN, NaN, 
10, BENI, eco1, 0, NaN, NaN, NaN, NaN, NaN, NaN, NaN, NaN, NaN, NaN, 
10, CAGL8, eco1, 0, NaN, NaN, NaN, NaN, NaN, NaN, NaN, NaN, NaN, NaN, 
10, CATO6, eco1, 0, NaN, NaN, NaN, NaN, NaN, NaN, NaN, NaN, NaN, NaN, 
10, FAGR, eco1, 0, NaN, NaN, NaN, NaN, NaN, NaN, NaN, NaN, NaN, NaN, 
10, FRAM2, eco1, 0, NaN, NaN, NaN, NaN, NaN, NaN, NaN, NaN, NaN, NaN, 
10, FRPE, eco1, 0, NaN, NaN, NaN, NaN, NaN, NaN, NaN, NaN, NaN, NaN, 
10, JUNI, eco1, 0, NaN, NaN, NaN, NaN, NaN, NaN, NaN, NaN, NaN, NaN, 
10, JUVI, eco1, 0, NaN, NaN, NaN, NaN, NaN, NaN, NaN, NaN, NaN, NaN, 
10, LIST, eco1, 0, NaN, NaN, NaN, NaN, NaN, NaN, NaN, NaN, NaN, NaN, 
10, LITU, eco1, 0, NaN, NaN, NaN, NaN, NaN, NaN, NaN, NaN, NaN, NaN, 
10, NYSY, eco1, 0, NaN, NaN, NaN, NaN, NaN, NaN, NaN, NaN, NaN, NaN, 
10, OXAR, eco1, 0, NaN, NaN, NaN, NaN, NaN, NaN, NaN, NaN, NaN, NaN, 
10, PIEC, eco1, 0, NaN, NaN, NaN, NaN, NaN, NaN, NaN, NaN, NaN, NaN, 
10, PIST, eco1, 0, NaN, NaN, NaN, NaN, NaN, NaN, NaN, NaN, NaN, NaN, 
10, PITA, eco1, 0, NaN, NaN, NaN, NaN, NaN, NaN, NaN, NaN, NaN, NaN, 
10, PIVI2, eco1, 0, NaN, NaN, NaN, NaN, NaN, NaN, NaN, NaN, NaN, NaN, 
10, PLOC, eco1, 0, NaN, NaN, NaN, NaN, NaN, NaN, NaN, NaN, NaN, NaN, 
10, PRSE2, eco1, 0, NaN, NaN, NaN, NaN, NaN, NaN, NaN, NaN, NaN, NaN, 
10, QUAL, eco1, 0, NaN, NaN, NaN, NaN, NaN, NaN, NaN, NaN, NaN, NaN, 
10, QUCO2, eco1, 0, NaN, NaN, NaN, NaN, NaN, NaN, NaN, NaN, NaN, NaN, 
10, QUFA, eco1, 0, NaN, NaN, NaN, NaN, NaN, NaN, NaN, NaN, NaN, NaN, 
10, QUMO4, eco1, 0, NaN, NaN, NaN, NaN, NaN, NaN, NaN, NaN, NaN, NaN, 
10, QUPH, eco1, 0, NaN, NaN, NaN, NaN, NaN, NaN, NaN, NaN, NaN, NaN, 
10, QURU, eco1, 0, NaN, NaN, NaN, NaN, NaN, NaN, NaN, NaN, NaN, NaN, 
10, QUST, eco1, 0, NaN, NaN, NaN, NaN, NaN, NaN, NaN, NaN, NaN, NaN, 
10, QUVE, eco1, 0, NaN, NaN, NaN, NaN, NaN, NaN, NaN, NaN, NaN, NaN, 
10, ULAL, eco1, 0, NaN, NaN, NaN, NaN, NaN, NaN, NaN, NaN, NaN, NaN, 
10, ULAM, eco1, 0, NaN, NaN, NaN, NaN, NaN, NaN, NaN, NaN, NaN, NaN, 
10, PIPA, eco1, 0, NaN, NaN, NaN, NaN, NaN, NaN, NaN, NaN, NaN, NaN, 
20, ACRU, eco1, 0, NaN, NaN, NaN, NaN, NaN, NaN, NaN, NaN, NaN, NaN, 
20, BENI, eco1, 0, NaN, NaN, NaN, NaN, NaN, NaN, NaN, NaN, NaN, NaN, 
20, CAGL8, eco1, 0, NaN, NaN, NaN, NaN, NaN, NaN, NaN, NaN, NaN, NaN, 
20, CATO6, eco1, 0, NaN, NaN, NaN, NaN, NaN, NaN, NaN, NaN, NaN, NaN, 
20, FAGR, eco1, 0, NaN, NaN, NaN, NaN, NaN, NaN, NaN, NaN, NaN, NaN, 
20, FRAM2, eco1, 0, NaN, NaN, NaN, NaN, NaN, NaN, NaN, NaN, NaN, NaN, 
20, FRPE, eco1, 0, NaN, NaN, NaN, NaN, NaN, NaN, NaN, NaN, NaN, NaN, 
20, JUNI, eco1, 0, NaN, NaN, NaN, NaN, NaN, NaN, NaN, NaN, NaN, NaN, 
20, JUVI, eco1, 0, NaN, NaN, NaN, NaN, NaN, NaN, NaN, NaN, NaN, NaN, 
20, LIST, eco1, 0, NaN, NaN, NaN, NaN, NaN, NaN, NaN, NaN, NaN, NaN, 
20, LITU, eco1, 0, NaN, NaN, NaN, NaN, NaN, NaN, NaN, NaN, NaN, NaN, 
20, NYSY, eco1, 0, NaN, NaN, NaN, NaN, NaN, NaN, NaN, NaN, NaN, NaN, 
20, OXAR, eco1, 0, NaN, NaN, NaN, NaN, NaN, NaN, NaN, NaN, NaN, NaN, 
20, PIEC, eco1, 0, NaN, NaN, NaN, NaN, NaN, NaN, NaN, NaN, NaN, NaN, 
20, PIST, eco1, 0, NaN, NaN, NaN, NaN, NaN, NaN, NaN, NaN, NaN, NaN, 
20, PITA, eco1, 0, NaN, NaN, NaN, NaN, NaN, NaN, NaN, NaN, NaN, NaN, 
20, PIVI2, eco1, 0, NaN, NaN, NaN, NaN, NaN, NaN, NaN, NaN, NaN, NaN, 
20, PLOC, eco1, 0, NaN, NaN, NaN, NaN, NaN, NaN, NaN, NaN, NaN, NaN, 
20, PRSE2, eco1, 0, NaN, NaN, NaN, NaN, NaN, NaN, NaN, NaN, NaN, NaN, 
20, QUAL, eco1, 0, NaN, NaN, NaN, NaN, NaN, NaN, NaN, NaN, NaN, NaN, 
20, QUCO2, eco1, 0, NaN, NaN, NaN, NaN, NaN, NaN, NaN, NaN, NaN, NaN, 
20, QUFA, eco1, 0, NaN, NaN, NaN, NaN, NaN, NaN, NaN, NaN, NaN, NaN, 
20, QUMO4, eco1, 0, NaN, NaN, NaN, NaN, NaN, NaN, NaN, NaN, NaN, NaN, 
20, QUPH, eco1, 0, NaN, NaN, NaN, NaN, NaN, NaN, NaN, NaN, NaN, NaN, 
20, QURU, eco1, 0, NaN, NaN, NaN, NaN, NaN, NaN, NaN, NaN, NaN, NaN, 
20, QUST, eco1, 0, NaN, NaN, NaN, NaN, NaN, NaN, NaN, NaN, NaN, NaN, 
20, QUVE, eco1, 0, NaN, NaN, NaN, NaN, NaN, NaN, NaN, NaN, NaN, NaN, 
20, ULAL, eco1, 0, NaN, NaN, NaN, NaN, NaN, NaN, NaN, NaN, NaN, NaN, 
20, ULAM, eco1, 0, NaN, NaN, NaN, NaN, NaN, NaN, NaN, NaN, NaN, NaN, 
20, PIPA, eco1, 0, NaN, NaN, NaN, NaN, NaN, NaN, NaN, NaN, NaN, NaN, 
30, ACRU, eco1, 0, NaN, NaN, NaN, NaN, NaN, NaN, NaN, NaN, NaN, NaN, 
30, BENI, eco1, 0, NaN, NaN, NaN, NaN, NaN, NaN, NaN, NaN, NaN, NaN, 
30, CAGL8, eco1, 0, NaN, NaN, NaN, NaN, NaN, NaN, NaN, NaN, NaN, NaN, 
30, CATO6, eco1, 0, NaN, NaN, NaN, NaN, NaN, NaN, NaN, NaN, NaN, NaN, 
30, FAGR, eco1, 0, NaN, NaN, NaN, NaN, NaN, NaN, NaN, NaN, NaN, NaN, 
30, FRAM2, eco1, 0, NaN, NaN, NaN, NaN, NaN, NaN, NaN, NaN, NaN, NaN, 
30, FRPE, eco1, 0, NaN, NaN, NaN, NaN, NaN, NaN, NaN, NaN, NaN, NaN, 
30, JUNI, eco1, 0, NaN, NaN, NaN, NaN, NaN, NaN, NaN, NaN, NaN, NaN, 
30, JUVI, eco1, 0, NaN, NaN, NaN, NaN, NaN, NaN, NaN, NaN, NaN, NaN, 
30, LIST, eco1, 0, NaN, NaN, NaN, NaN, NaN, NaN, NaN, NaN, NaN, NaN, 
30, LITU, eco1, 0, NaN, NaN, NaN, NaN, NaN, NaN, NaN, NaN, NaN, NaN, 
30, NYSY, eco1, 0, NaN, NaN, NaN, NaN, NaN, NaN, NaN, NaN, NaN, NaN, 
30, OXAR, eco1, 0, NaN, NaN, NaN, NaN, NaN, NaN, NaN, NaN, NaN, NaN, 
30, PIEC, eco1, 0, NaN, NaN, NaN, NaN, NaN, NaN, NaN, NaN, NaN, NaN, 
30, PIST, eco1, 0, NaN, NaN, NaN, NaN, NaN, NaN, NaN, NaN, NaN, NaN, 
30, PITA, eco1, 0, NaN, NaN, NaN, NaN, NaN, NaN, NaN, NaN, NaN, NaN, 
30, PIVI2, eco1, 0, NaN, NaN, NaN, NaN, NaN, NaN, NaN, NaN, NaN, NaN, 
30, PLOC, eco1, 0, NaN, NaN, NaN, NaN, NaN, NaN, NaN, NaN, NaN, NaN, 
30, PRSE2, eco1, 0, NaN, NaN, NaN, NaN, NaN, NaN, NaN, NaN, NaN, NaN, 
30, QUAL, eco1, 0, NaN, NaN, NaN, NaN, NaN, NaN, NaN, NaN, NaN, NaN, 
30, QUCO2, eco1, 0, NaN, NaN, NaN, NaN, NaN, NaN, NaN, NaN, NaN, NaN, 
30, QUFA, eco1, 0, NaN, NaN, NaN, NaN, NaN, NaN, NaN, NaN, NaN, NaN, 
30, QUMO4, eco1, 0, NaN, NaN, NaN, NaN, NaN, NaN, NaN, NaN, NaN, NaN, 
30, QUPH, eco1, 0, NaN, NaN, NaN, NaN, NaN, NaN, NaN, NaN, NaN, NaN, 
30, QURU, eco1, 0, NaN, NaN, NaN, NaN, NaN, NaN, NaN, NaN, NaN, NaN, 
30, QUST, eco1, 0, NaN, NaN, NaN, NaN, NaN, NaN, NaN, NaN, NaN, NaN, 
30, QUVE, eco1, 0, NaN, NaN, NaN, NaN, NaN, NaN, NaN, NaN, NaN, NaN, 
30, ULAL, eco1, 0, NaN, NaN, NaN, NaN, NaN, NaN, NaN, NaN, NaN, NaN, 
30, ULAM, eco1, 0, NaN, NaN, NaN, NaN, NaN, NaN, NaN, NaN, NaN, NaN, 
30, PIPA, eco1, 0, NaN, NaN, NaN, NaN, NaN, NaN, NaN, NaN, NaN, NaN, 
40, ACRU, eco1, 0, NaN, NaN, NaN, NaN, NaN, NaN, NaN, NaN, NaN, NaN, 
40, BENI, eco1, 0, NaN, NaN, NaN, NaN, NaN, NaN, NaN, NaN, NaN, NaN, 
40, CAGL8, eco1, 0, NaN, NaN, NaN, NaN, NaN, NaN, NaN, NaN, NaN, NaN, 
40, CATO6, eco1, 0, NaN, NaN, NaN, NaN, NaN, NaN, NaN, NaN, NaN, NaN, 
40, FAGR, eco1, 0, NaN, NaN, NaN, NaN, NaN, NaN, NaN, NaN, NaN, NaN, 
40, FRAM2, eco1, 0, NaN, NaN, NaN, NaN, NaN, NaN, NaN, NaN, NaN, NaN, 
40, FRPE, eco1, 0, NaN, NaN, NaN, NaN, NaN, NaN, NaN, NaN, NaN, NaN, 
40, JUNI, eco1, 0, NaN, NaN, NaN, NaN, NaN, NaN, NaN, NaN, NaN, NaN, 
40, JUVI, eco1, 0, NaN, NaN, NaN, NaN, NaN, NaN, NaN, NaN, NaN, NaN, 
40, LIST, eco1, 0, NaN, NaN, NaN, NaN, NaN, NaN, NaN, NaN, NaN, NaN, 
40, LITU, eco1, 0, NaN, NaN, NaN, NaN, NaN, NaN, NaN, NaN, NaN, NaN, 
40, NYSY, eco1, 0, NaN, NaN, NaN, NaN, NaN, NaN, NaN, NaN, NaN, NaN, 
40, OXAR, eco1, 0, NaN, NaN, NaN, NaN, NaN, NaN, NaN, NaN, NaN, NaN, 
40, PIEC, eco1, 0, NaN, NaN, NaN, NaN, NaN, NaN, NaN, NaN, NaN, NaN, 
40, PIST, eco1, 0, NaN, NaN, NaN, NaN, NaN, NaN, NaN, NaN, NaN, NaN, 
40, PITA, eco1, 0, NaN, NaN, NaN, NaN, NaN, NaN, NaN, NaN, NaN, NaN, 
40, PIVI2, eco1, 0, NaN, NaN, NaN, NaN, NaN, NaN, NaN, NaN, NaN, NaN, 
40, PLOC, eco1, 0, NaN, NaN, NaN, NaN, NaN, NaN, NaN, NaN, NaN, NaN, 
40, PRSE2, eco1, 0, NaN, NaN, NaN, NaN, NaN, NaN, NaN, NaN, NaN, NaN, 
40, QUAL, eco1, 0, NaN, NaN, NaN, NaN, NaN, NaN, NaN, NaN, NaN, NaN, 
40, QUCO2, eco1, 0, NaN, NaN, NaN, NaN, NaN, NaN, NaN, NaN, NaN, NaN, 
40, QUFA, eco1, 0, NaN, NaN, NaN, NaN, NaN, NaN, NaN, NaN, NaN, NaN, 
40, QUMO4, eco1, 0, NaN, NaN, NaN, NaN, NaN, NaN, NaN, NaN, NaN, NaN, 
40, QUPH, eco1, 0, NaN, NaN, NaN, NaN, NaN, NaN, NaN, NaN, NaN, NaN, 
40, QURU, eco1, 0, NaN, NaN, NaN, NaN, NaN, NaN, NaN, NaN, NaN, NaN, 
40, QUST, eco1, 0, NaN, NaN, NaN, NaN, NaN, NaN, NaN, NaN, NaN, NaN, 
40, QUVE, eco1, 0, NaN, NaN, NaN, NaN, NaN, NaN, NaN, NaN, NaN, NaN, 
40, ULAL, eco1, 0, NaN, NaN, NaN, NaN, NaN, NaN, NaN, NaN, NaN, NaN, 
40, ULAM, eco1, 0, NaN, NaN, NaN, NaN, NaN, NaN, NaN, NaN, NaN, NaN, 
40, PIPA, eco1, 0, NaN, NaN, NaN, NaN, NaN, NaN, NaN, NaN, NaN, NaN, 
50, ACRU, eco1, 0, NaN, NaN, NaN, NaN, NaN, NaN, NaN, NaN, NaN, NaN, 
50, BENI, eco1, 0, NaN, NaN, NaN, NaN, NaN, NaN, NaN, NaN, NaN, NaN, 
50, CAGL8, eco1, 0, NaN, NaN, NaN, NaN, NaN, NaN, NaN, NaN, NaN, NaN, 
50, CATO6, eco1, 0, NaN, NaN, NaN, NaN, NaN, NaN, NaN, NaN, NaN, NaN, 
50, FAGR, eco1, 0, NaN, NaN, NaN, NaN, NaN, NaN, NaN, NaN, NaN, NaN, 
50, FRAM2, eco1, 0, NaN, NaN, NaN, NaN, NaN, NaN, NaN, NaN, NaN, NaN, 
50, FRPE, eco1, 0, NaN, NaN, NaN, NaN, NaN, NaN, NaN, NaN, NaN, NaN, 
50, JUNI, eco1, 0, NaN, NaN, NaN, NaN, NaN, NaN, NaN, NaN, NaN, NaN, 
50, JUVI, eco1, 0, NaN, NaN, NaN, NaN, NaN, NaN, NaN, NaN, NaN, NaN, 
50, LIST, eco1, 0, NaN, NaN, NaN, NaN, NaN, NaN, NaN, NaN, NaN, NaN, 
50, LITU, eco1, 0, NaN, NaN, NaN, NaN, NaN, NaN, NaN, NaN, NaN, NaN, 
50, NYSY, eco1, 0, NaN, NaN, NaN, NaN, NaN, NaN, NaN, NaN, NaN, NaN, 
50, OXAR, eco1, 0, NaN, NaN, NaN, NaN, NaN, NaN, NaN, NaN, NaN, NaN, 
50, PIEC, eco1, 0, NaN, NaN, NaN, NaN, NaN, NaN, NaN, NaN, NaN, NaN, 
50, PIST, eco1, 0, NaN, NaN, NaN, NaN, NaN, NaN, NaN, NaN, NaN, NaN, 
50, PITA, eco1, 0, NaN, NaN, NaN, NaN, NaN, NaN, NaN, NaN, NaN, NaN, 
50, PIVI2, eco1, 0, NaN, NaN, NaN, NaN, NaN, NaN, NaN, NaN, NaN, NaN, 
50, PLOC, eco1, 0, NaN, NaN, NaN, NaN, NaN, NaN, NaN, NaN, NaN, NaN, 
50, PRSE2, eco1, 0, NaN, NaN, NaN, NaN, NaN, NaN, NaN, NaN, NaN, NaN, 
50, QUAL, eco1, 0, NaN, NaN, NaN, NaN, NaN, NaN, NaN, NaN, NaN, NaN, 
50, QUCO2, eco1, 0, NaN, NaN, NaN, NaN, NaN, NaN, NaN, NaN, NaN, NaN, 
50, QUFA, eco1, 0, NaN, NaN, NaN, NaN, NaN, NaN, NaN, NaN, NaN, NaN, 
50, QUMO4, eco1, 0, NaN, NaN, NaN, NaN, NaN, NaN, NaN, NaN, NaN, NaN, 
50, QUPH, eco1, 0, NaN, NaN, NaN, NaN, NaN, NaN, NaN, NaN, NaN, NaN, 
50, QURU, eco1, 0, NaN, NaN, NaN, NaN, NaN, NaN, NaN, NaN, NaN, NaN, 
50, QUST, eco1, 0, NaN, NaN, NaN, NaN, NaN, NaN, NaN, NaN, NaN, NaN, 
50, QUVE, eco1, 0, NaN, NaN, NaN, NaN, NaN, NaN, NaN, NaN, NaN, NaN, 
50, ULAL, eco1, 0, NaN, NaN, NaN, NaN, NaN, NaN, NaN, NaN, NaN, NaN, 
50, ULAM, eco1, 0, NaN, NaN, NaN, NaN, NaN, NaN, NaN, NaN, NaN, NaN, 
50, PIPA, eco1, 0, NaN, NaN, NaN, NaN, NaN, NaN, NaN, NaN, NaN, NaN, 
60, ACRU, eco1, 0, NaN, NaN, NaN, NaN, NaN, NaN, NaN, NaN, NaN, NaN, 
60, BENI, eco1, 0, NaN, NaN, NaN, NaN, NaN, NaN, NaN, NaN, NaN, NaN, 
60, CAGL8, eco1, 0, NaN, NaN, NaN, NaN, NaN, NaN, NaN, NaN, NaN, NaN, 
60, CATO6, eco1, 0, NaN, NaN, NaN, NaN, NaN, NaN, NaN, NaN, NaN, NaN, 
60, FAGR, eco1, 0, NaN, NaN, NaN, NaN, NaN, NaN, NaN, NaN, NaN, NaN, 
60, FRAM2, eco1, 0, NaN, NaN, NaN, NaN, NaN, NaN, NaN, NaN, NaN, NaN, 
60, FRPE, eco1, 0, NaN, NaN, NaN, NaN, NaN, NaN, NaN, NaN, NaN, NaN, 
60, JUNI, eco1, 0, NaN, NaN, NaN, NaN, NaN, NaN, NaN, NaN, NaN, NaN, 
60, JUVI, eco1, 0, NaN, NaN, NaN, NaN, NaN, NaN, NaN, NaN, NaN, NaN, 
60, LIST, eco1, 0, NaN, NaN, NaN, NaN, NaN, NaN, NaN, NaN, NaN, NaN, 
60, LITU, eco1, 0, NaN, NaN, NaN, NaN, NaN, NaN, NaN, NaN, NaN, NaN, 
60, NYSY, eco1, 0, NaN, NaN, NaN, NaN, NaN, NaN, NaN, NaN, NaN, NaN, 
60, OXAR, eco1, 0, NaN, NaN, NaN, NaN, NaN, NaN, NaN, NaN, NaN, NaN, 
60, PIEC, eco1, 0, NaN, NaN, NaN, NaN, NaN, NaN, NaN, NaN, NaN, NaN, 
60, PIST, eco1, 0, NaN, NaN, NaN, NaN, NaN, NaN, NaN, NaN, NaN, NaN, 
60, PITA, eco1, 0, NaN, NaN, NaN, NaN, NaN, NaN, NaN, NaN, NaN, NaN, 
60, PIVI2, eco1, 0, NaN, NaN, NaN, NaN, NaN, NaN, NaN, NaN, NaN, NaN, 
60, PLOC, eco1, 0, NaN, NaN, NaN, NaN, NaN, NaN, NaN, NaN, NaN, NaN, 
60, PRSE2, eco1, 0, NaN, NaN, NaN, NaN, NaN, NaN, NaN, NaN, NaN, NaN, 
60, QUAL, eco1, 0, NaN, NaN, NaN, NaN, NaN, NaN, NaN, NaN, NaN, NaN, 
60, QUCO2, eco1, 0, NaN, NaN, NaN, NaN, NaN, NaN, NaN, NaN, NaN, NaN, 
60, QUFA, eco1, 0, NaN, NaN, NaN, NaN, NaN, NaN, NaN, NaN, NaN, NaN, 
60, QUMO4, eco1, 0, NaN, NaN, NaN, NaN, NaN, NaN, NaN, NaN, NaN, NaN, 
60, QUPH, eco1, 0, NaN, NaN, NaN, NaN, NaN, NaN, NaN, NaN, NaN, NaN, 
60, QURU, eco1, 0, NaN, NaN, NaN, NaN, NaN, NaN, NaN, NaN, NaN, NaN, 
60, QUST, eco1, 0, NaN, NaN, NaN, NaN, NaN, NaN, NaN, NaN, NaN, NaN, 
60, QUVE, eco1, 0, NaN, NaN, NaN, NaN, NaN, NaN, NaN, NaN, NaN, NaN, 
60, ULAL, eco1, 0, NaN, NaN, NaN, NaN, NaN, NaN, NaN, NaN, NaN, NaN, 
60, ULAM, eco1, 0, NaN, NaN, NaN, NaN, NaN, NaN, NaN, NaN, NaN, NaN, 
60, PIPA, eco1, 0, NaN, NaN, NaN, NaN, NaN, NaN, NaN, NaN, NaN, NaN, 
70, ACRU, eco1, 0, NaN, NaN, NaN, NaN, NaN, NaN, NaN, NaN, NaN, NaN, 
70, BENI, eco1, 0, NaN, NaN, NaN, NaN, NaN, NaN, NaN, NaN, NaN, NaN, 
70, CAGL8, eco1, 0, NaN, NaN, NaN, NaN, NaN, NaN, NaN, NaN, NaN, NaN, 
70, CATO6, eco1, 0, NaN, NaN, NaN, NaN, NaN, NaN, NaN, NaN, NaN, NaN, 
70, FAGR, eco1, 0, NaN, NaN, NaN, NaN, NaN, NaN, NaN, NaN, NaN, NaN, 
70, FRAM2, eco1, 0, NaN, NaN, NaN, NaN, NaN, NaN, NaN, NaN, NaN, NaN, 
70, FRPE, eco1, 0, NaN, NaN, NaN, NaN, NaN, NaN, NaN, NaN, NaN, NaN, 
70, JUNI, eco1, 0, NaN, NaN, NaN, NaN, NaN, NaN, NaN, NaN, NaN, NaN, 
70, JUVI, eco1, 0, NaN, NaN, NaN, NaN, NaN, NaN, NaN, NaN, NaN, NaN, 
70, LIST, eco1, 0, NaN, NaN, NaN, NaN, NaN, NaN, NaN, NaN, NaN, NaN, 
70, LITU, eco1, 0, NaN, NaN, NaN, NaN, NaN, NaN, NaN, NaN, NaN, NaN, 
70, NYSY, eco1, 0, NaN, NaN, NaN, NaN, NaN, NaN, NaN, NaN, NaN, NaN, 
70, OXAR, eco1, 0, NaN, NaN, NaN, NaN, NaN, NaN, NaN, NaN, NaN, NaN, 
70, PIEC, eco1, 0, NaN, NaN, NaN, NaN, NaN, NaN, NaN, NaN, NaN, NaN, 
70, PIST, eco1, 0, NaN, NaN, NaN, NaN, NaN, NaN, NaN, NaN, NaN, NaN, 
70, PITA, eco1, 0, NaN, NaN, NaN, NaN, NaN, NaN, NaN, NaN, NaN, NaN, 
70, PIVI2, eco1, 0, NaN, NaN, NaN, NaN, NaN, NaN, NaN, NaN, NaN, NaN, 
70, PLOC, eco1, 0, NaN, NaN, NaN, NaN, NaN, NaN, NaN, NaN, NaN, NaN, 
70, PRSE2, eco1, 0, NaN, NaN, NaN, NaN, NaN, NaN, NaN, NaN, NaN, NaN, 
70, QUAL, eco1, 0, NaN, NaN, NaN, NaN, NaN, NaN, NaN, NaN, NaN, NaN, 
70, QUCO2, eco1, 0, NaN, NaN, NaN, NaN, NaN, NaN, NaN, NaN, NaN, NaN, 
70, QUFA, eco1, 0, NaN, NaN, NaN, NaN, NaN, NaN, NaN, NaN, NaN, NaN, 
70, QUMO4, eco1, 0, NaN, NaN, NaN, NaN, NaN, NaN, NaN, NaN, NaN, NaN, 
70, QUPH, eco1, 0, NaN, NaN, NaN, NaN, NaN, NaN, NaN, NaN, NaN, NaN, 
70, QURU, eco1, 0, NaN, NaN, NaN, NaN, NaN, NaN, NaN, NaN, NaN, NaN, 
70, QUST, eco1, 0, NaN, NaN, NaN, NaN, NaN, NaN, NaN, NaN, NaN, NaN, 
70, QUVE, eco1, 0, NaN, NaN, NaN, NaN, NaN, NaN, NaN, NaN, NaN, NaN, 
70, ULAL, eco1, 0, NaN, NaN, NaN, NaN, NaN, NaN, NaN, NaN, NaN, NaN, 
70, ULAM, eco1, 0, NaN, NaN, NaN, NaN, NaN, NaN, NaN, NaN, NaN, NaN, 
70, PIPA, eco1, 0, NaN, NaN, NaN, NaN, NaN, NaN, NaN, NaN, NaN, NaN, 
80, ACRU, eco1, 0, NaN, NaN, NaN, NaN, NaN, NaN, NaN, NaN, NaN, NaN, 
80, BENI, eco1, 0, NaN, NaN, NaN, NaN, NaN, NaN, NaN, NaN, NaN, NaN, 
80, CAGL8, eco1, 0, NaN, NaN, NaN, NaN, NaN, NaN, NaN, NaN, NaN, NaN, 
80, CATO6, eco1, 0, NaN, NaN, NaN, NaN, NaN, NaN, NaN, NaN, NaN, NaN, 
80, FAGR, eco1, 0, NaN, NaN, NaN, NaN, NaN, NaN, NaN, NaN, NaN, NaN, 
80, FRAM2, eco1, 0, NaN, NaN, NaN, NaN, NaN, NaN, NaN, NaN, NaN, NaN, 
80, FRPE, eco1, 0, NaN, NaN, NaN, NaN, NaN, NaN, NaN, NaN, NaN, NaN, 
80, JUNI, eco1, 0, NaN, NaN, NaN, NaN, NaN, NaN, NaN, NaN, NaN, NaN, 
80, JUVI, eco1, 0, NaN, NaN, NaN, NaN, NaN, NaN, NaN, NaN, NaN, NaN, 
80, LIST, eco1, 0, NaN, NaN, NaN, NaN, NaN, NaN, NaN, NaN, NaN, NaN, 
80, LITU, eco1, 0, NaN, NaN, NaN, NaN, NaN, NaN, NaN, NaN, NaN, NaN, 
80, NYSY, eco1, 0, NaN, NaN, NaN, NaN, NaN, NaN, NaN, NaN, NaN, NaN, 
80, OXAR, eco1, 0, NaN, NaN, NaN, NaN, NaN, NaN, NaN, NaN, NaN, NaN, 
80, PIEC, eco1, 0, NaN, NaN, NaN, NaN, NaN, NaN, NaN, NaN, NaN, NaN, 
80, PIST, eco1, 0, NaN, NaN, NaN, NaN, NaN, NaN, NaN, NaN, NaN, NaN, 
80, PITA, eco1, 0, NaN, NaN, NaN, NaN, NaN, NaN, NaN, NaN, NaN, NaN, 
80, PIVI2, eco1, 0, NaN, NaN, NaN, NaN, NaN, NaN, NaN, NaN, NaN, NaN, 
80, PLOC, eco1, 0, NaN, NaN, NaN, NaN, NaN, NaN, NaN, NaN, NaN, NaN, 
80, PRSE2, eco1, 0, NaN, NaN, NaN, NaN, NaN, NaN, NaN, NaN, NaN, NaN, 
80, QUAL, eco1, 0, NaN, NaN, NaN, NaN, NaN, NaN, NaN, NaN, NaN, NaN, 
80, QUCO2, eco1, 0, NaN, NaN, NaN, NaN, NaN, NaN, NaN, NaN, NaN, NaN, 
80, QUFA, eco1, 0, NaN, NaN, NaN, NaN, NaN, NaN, NaN, NaN, NaN, NaN, 
80, QUMO4, eco1, 0, NaN, NaN, NaN, NaN, NaN, NaN, NaN, NaN, NaN, NaN, 
80, QUPH, eco1, 0, NaN, NaN, NaN, NaN, NaN, NaN, NaN, NaN, NaN, NaN, 
80, QURU, eco1, 0, NaN, NaN, NaN, NaN, NaN, NaN, NaN, NaN, NaN, NaN, 
80, QUST, eco1, 0, NaN, NaN, NaN, NaN, NaN, NaN, NaN, NaN, NaN, NaN, 
80, QUVE, eco1, 0, NaN, NaN, NaN, NaN, NaN, NaN, NaN, NaN, NaN, NaN, 
80, ULAL, eco1, 0, NaN, NaN, NaN, NaN, NaN, NaN, NaN, NaN, NaN, NaN, 
80, ULAM, eco1, 0, NaN, NaN, NaN, NaN, NaN, NaN, NaN, NaN, NaN, NaN, 
80, PIPA, eco1, 0, NaN, NaN, NaN, NaN, NaN, NaN, NaN, NaN, NaN, NaN, 
90, ACRU, eco1, 0, NaN, NaN, NaN, NaN, NaN, NaN, NaN, NaN, NaN, NaN, 
90, BENI, eco1, 0, NaN, NaN, NaN, NaN, NaN, NaN, NaN, NaN, NaN, NaN, 
90, CAGL8, eco1, 0, NaN, NaN, NaN, NaN, NaN, NaN, NaN, NaN, NaN, NaN, 
90, CATO6, eco1, 0, NaN, NaN, NaN, NaN, NaN, NaN, NaN, NaN, NaN, NaN, 
90, FAGR, eco1, 0, NaN, NaN, NaN, NaN, NaN, NaN, NaN, NaN, NaN, NaN, 
90, FRAM2, eco1, 0, NaN, NaN, NaN, NaN, NaN, NaN, NaN, NaN, NaN, NaN, 
90, FRPE, eco1, 0, NaN, NaN, NaN, NaN, NaN, NaN, NaN, NaN, NaN, NaN, 
90, JUNI, eco1, 0, NaN, NaN, NaN, NaN, NaN, NaN, NaN, NaN, NaN, NaN, 
90, JUVI, eco1, 0, NaN, NaN, NaN, NaN, NaN, NaN, NaN, NaN, NaN, NaN, 
90, LIST, eco1, 0, NaN, NaN, NaN, NaN, NaN, NaN, NaN, NaN, NaN, NaN, 
90, LITU, eco1, 0, NaN, NaN, NaN, NaN, NaN, NaN, NaN, NaN, NaN, NaN, 
90, NYSY, eco1, 0, NaN, NaN, NaN, NaN, NaN, NaN, NaN, NaN, NaN, NaN, 
90, OXAR, eco1, 0, NaN, NaN, NaN, NaN, NaN, NaN, NaN, NaN, NaN, NaN, 
90, PIEC, eco1, 0, NaN, NaN, NaN, NaN, NaN, NaN, NaN, NaN, NaN, NaN, 
90, PIST, eco1, 0, NaN, NaN, NaN, NaN, NaN, NaN, NaN, NaN, NaN, NaN, 
90, PITA, eco1, 0, NaN, NaN, NaN, NaN, NaN, NaN, NaN, NaN, NaN, NaN, 
90, PIVI2, eco1, 0, NaN, NaN, NaN, NaN, NaN, NaN, NaN, NaN, NaN, NaN, 
90, PLOC, eco1, 0, NaN, NaN, NaN, NaN, NaN, NaN, NaN, NaN, NaN, NaN, 
90, PRSE2, eco1, 0, NaN, NaN, NaN, NaN, NaN, NaN, NaN, NaN, NaN, NaN, 
90, QUAL, eco1, 0, NaN, NaN, NaN, NaN, NaN, NaN, NaN, NaN, NaN, NaN, 
90, QUCO2, eco1, 0, NaN, NaN, NaN, NaN, NaN, NaN, NaN, NaN, NaN, NaN, 
90, QUFA, eco1, 0, NaN, NaN, NaN, NaN, NaN, NaN, NaN, NaN, NaN, NaN, 
90, QUMO4, eco1, 0, NaN, NaN, NaN, NaN, NaN, NaN, NaN, NaN, NaN, NaN, 
90, QUPH, eco1, 0, NaN, NaN, NaN, NaN, NaN, NaN, NaN, NaN, NaN, NaN, 
90, QURU, eco1, 0, NaN, NaN, NaN, NaN, NaN, NaN, NaN, NaN, NaN, NaN, 
90, QUST, eco1, 0, NaN, NaN, NaN, NaN, NaN, NaN, NaN, NaN, NaN, NaN, 
90, QUVE, eco1, 0, NaN, NaN, NaN, NaN, NaN, NaN, NaN, NaN, NaN, NaN, 
90, ULAL, eco1, 0, NaN, NaN, NaN, NaN, NaN, NaN, NaN, NaN, NaN, NaN, 
90, ULAM, eco1, 0, NaN, NaN, NaN, NaN, NaN, NaN, NaN, NaN, NaN, NaN, 
90, PIPA, eco1, 0, NaN, NaN, NaN, NaN, NaN, NaN, NaN, NaN, NaN, NaN, 
100, ACRU, eco1, 0, NaN, NaN, NaN, NaN, NaN, NaN, NaN, NaN, NaN, NaN, 
100, BENI, eco1, 0, NaN, NaN, NaN, NaN, NaN, NaN, NaN, NaN, NaN, NaN, 
100, CAGL8, eco1, 0, NaN, NaN, NaN, NaN, NaN, NaN, NaN, NaN, NaN, NaN, 
100, CATO6, eco1, 0, NaN, NaN, NaN, NaN, NaN, NaN, NaN, NaN, NaN, NaN, 
100, FAGR, eco1, 0, NaN, NaN, NaN, NaN, NaN, NaN, NaN, NaN, NaN, NaN, 
100, FRAM2, eco1, 0, NaN, NaN, NaN, NaN, NaN, NaN, NaN, NaN, NaN, NaN, 
100, FRPE, eco1, 0, NaN, NaN, NaN, NaN, NaN, NaN, NaN, NaN, NaN, NaN, 
100, JUNI, eco1, 0, NaN, NaN, NaN, NaN, NaN, NaN, NaN, NaN, NaN, NaN, 
100, JUVI, eco1, 0, NaN, NaN, NaN, NaN, NaN, NaN, NaN, NaN, NaN, NaN, 
100, LIST, eco1, 0, NaN, NaN, NaN, NaN, NaN, NaN, NaN, NaN, NaN, NaN, 
100, LITU, eco1, 0, NaN, NaN, NaN, NaN, NaN, NaN, NaN, NaN, NaN, NaN, 
100, NYSY, eco1, 0, NaN, NaN, NaN, NaN, NaN, NaN, NaN, NaN, NaN, NaN, 
100, OXAR, eco1, 0, NaN, NaN, NaN, NaN, NaN, NaN, NaN, NaN, NaN, NaN, 
100, PIEC, eco1, 0, NaN, NaN, NaN, NaN, NaN, NaN, NaN, NaN, NaN, NaN, 
100, PIST, eco1, 0, NaN, NaN, NaN, NaN, NaN, NaN, NaN, NaN, NaN, NaN, 
100, PITA, eco1, 0, NaN, NaN, NaN, NaN, NaN, NaN, NaN, NaN, NaN, NaN, 
100, PIVI2, eco1, 0, NaN, NaN, NaN, NaN, NaN, NaN, NaN, NaN, NaN, NaN, 
100, PLOC, eco1, 0, NaN, NaN, NaN, NaN, NaN, NaN, NaN, NaN, NaN, NaN, 
100, PRSE2, eco1, 0, NaN, NaN, NaN, NaN, NaN, NaN, NaN, NaN, NaN, NaN, 
100, QUAL, eco1, 0, NaN, NaN, NaN, NaN, NaN, NaN, NaN, NaN, NaN, NaN, 
100, QUCO2, eco1, 0, NaN, NaN, NaN, NaN, NaN, NaN, NaN, NaN, NaN, NaN, 
100, QUFA, eco1, 0, NaN, NaN, NaN, NaN, NaN, NaN, NaN, NaN, NaN, NaN, 
100, QUMO4, eco1, 0, NaN, NaN, NaN, NaN, NaN, NaN, NaN, NaN, NaN, NaN, 
100, QUPH, eco1, 0, NaN, NaN, NaN, NaN, NaN, NaN, NaN, NaN, NaN, NaN, 
100, QURU, eco1, 0, NaN, NaN, NaN, NaN, NaN, NaN, NaN, NaN, NaN, NaN, 
100, QUST, eco1, 0, NaN, NaN, NaN, NaN, NaN, NaN, NaN, NaN, NaN, NaN, 
100, QUVE, eco1, 0, NaN, NaN, NaN, NaN, NaN, NaN, NaN, NaN, NaN, NaN, 
100, ULAL, eco1, 0, NaN, NaN, NaN, NaN, NaN, NaN, NaN, NaN, NaN, NaN, 
100, ULAM, eco1, 0, NaN, NaN, NaN, NaN, NaN, NaN, NaN, NaN, NaN, NaN, 
100, PIPA, eco1, 0, NaN, NaN, NaN, NaN, NaN, NaN, NaN, NaN, NaN, NaN, 
