Time,ManagementArea,Prescription,Stand,EventID,StandAge,StandRank,NumberOfSites,HarvestedSites,MgBiomassRemoved,MgBioRemovedPerDamagedHa,TotalCohortsPartialHarvest,TotalCohortsCompleteHarvest,CohortsHarvested_ACRU,CohortsHarvested_BENI,CohortsHarvested_CAGL8,CohortsHarvested_CATO6,CohortsHarvested_FAGR,CohortsHarvested_FRAM2,CohortsHarvested_FRPE,CohortsHarvested_JUNI,CohortsHarvested_JUVI,CohortsHarvested_LIST,CohortsHarvested_LITU,CohortsHarvested_NYSY,CohortsHarvested_OXAR,CohortsHarvested_PIEC,CohortsHarvested_PIST,CohortsHarvested_PITA,CohortsHarvested_PIVI2,CohortsHarvested_PLOC,CohortsHarvested_PRSE2,CohortsHarvested_QUAL,CohortsHarvested_QUCO2,CohortsHarvested_QUFA,CohortsHarvested_QUMO4,CohortsHarvested_QUPH,CohortsHarvested_QURU,CohortsHarvested_QUST,CohortsHarvested_QUVE,CohortsHarvested_ULAL,CohortsHarvested_ULAM,CohortsHarvested_PIPA,BiomassHarvestedMg_ACRU,BiomassHarvestedMg_BENI,BiomassHarvestedMg_CAGL8,BiomassHarvestedMg_CATO6,BiomassHarvestedMg_FAGR,BiomassHarvestedMg_FRAM2,BiomassHarvestedMg_FRPE,BiomassHarvestedMg_JUNI,BiomassHarvestedMg_JUVI,BiomassHarvestedMg_LIST,BiomassHarvestedMg_LITU,BiomassHarvestedMg_NYSY,BiomassHarvestedMg_OXAR,BiomassHarvestedMg_PIEC,BiomassHarvestedMg_PIST,BiomassHarvestedMg_PITA,BiomassHarvestedMg_PIVI2,BiomassHarvestedMg_PLOC,BiomassHarvestedMg_PRSE2,BiomassHarvestedMg_QUAL,BiomassHarvestedMg_QUCO2,BiomassHarvestedMg_QUFA,BiomassHarvestedMg_QUMO4,BiomassHarvestedMg_QUPH,BiomassHarvestedMg_QURU,BiomassHarvestedMg_QUST,BiomassHarvestedMg_QUVE,BiomassHarvestedMg_ULAL,BiomassHarvestedMg_ULAM,BiomassHarvestedMg_PIPA,
50, 1, OP_RESISTANCE, 89, 2, 50, 80, 2, 2, 16.545, 16.545, 3, 0, 0, 0, 0, 0, 0, 0, 0, 0, 0, 0, 1, 0, 0, 0, 0, 0, 0, 0, 0, 0, 0, 0, 1, 0, 0, 0, 1, 0, 0, 0, 0, 0, 0, 0, 0, 0, 0, 0, 0, 0, 5.74, 0, 0, 0, 0, 0, 0, 0, 0, 0, 0, 0, 8.025, 0, 0, 0, 2.78, 0, 0, 0, 
50, 1, OP_RESISTANCE, 49, 4, 50, 80, 1, 1, 8.04, 16.08, 1, 0, 0, 0, 0, 0, 0, 0, 0, 0, 0, 0, 0, 0, 0, 0, 0, 0, 0, 0, 0, 0, 0, 0, 1, 0, 0, 0, 0, 0, 0, 0, 0, 0, 0, 0, 0, 0, 0, 0, 0, 0, 0, 0, 0, 0, 0, 0, 0, 0, 0, 0, 0, 0, 8.04, 0, 0, 0, 0, 0, 0, 0, 
50, 1, OH_RESISTANCE, 32, 1, 50, 25, 4, 4, 58.975, 29.4875, 4, 1, 0, 0, 0, 0, 0, 0, 0, 0, 0, 0, 1, 0, 0, 0, 0, 0, 0, 0, 0, 1, 2, 0, 0, 0, 0, 0, 1, 0, 0, 0, 0, 0, 0, 0, 0, 0, 0, 0, 0, 0, 21.715, 0, 0, 0, 0, 0, 0, 0, 0, 10.745, 22.015, 0, 0, 0, 0, 0, 4.5, 0, 0, 0, 
50, 1, OP_RESISTANCE, 22, 5, 50, 80, 1, 1, 8.125, 16.25, 2, 0, 0, 0, 0, 0, 0, 0, 0, 0, 0, 0, 1, 0, 0, 0, 0, 0, 0, 0, 0, 0, 0, 0, 0, 0, 0, 0, 1, 0, 0, 0, 0, 0, 0, 0, 0, 0, 0, 0, 0, 0, 5.495, 0, 0, 0, 0, 0, 0, 0, 0, 0, 0, 0, 0, 0, 0, 0, 2.63, 0, 0, 0, 
50, 1, OP_RESISTANCE, 56, 7, 50, 70, 8, 8, 62.135, 15.5338, 15, 0, 0, 0, 0, 0, 0, 0, 0, 0, 0, 0, 7, 0, 0, 0, 0, 0, 0, 0, 0, 0, 1, 0, 0, 0, 0, 0, 7, 0, 0, 0, 0, 0, 0, 0, 0, 0, 0, 0, 0, 0, 36.71, 0, 0, 0, 0, 0, 0, 0, 0, 0, 7.24, 0, 0, 0, 0, 0, 18.185, 0, 0, 0, 
50, 1, OP_RESISTANCE, 81, 9, 50, 53.3333333333333, 3, 3, 22.775, 15.1833, 5, 0, 0, 0, 0, 0, 0, 0, 0, 0, 0, 0, 2, 0, 0, 0, 0, 0, 0, 0, 0, 0, 0, 0, 0, 0, 1, 0, 2, 0, 0, 0, 0, 0, 0, 0, 0, 0, 0, 0, 0, 0, 11.585, 0, 0, 0, 0, 0, 0, 0, 0, 0, 0, 0, 0, 0, 5.465, 0, 5.725, 0, 0, 0, 
50, 1, OH_RESISTANCE, 66, 6, 50, 20, 5, 5, 75.315, 30.126, 5, 2, 0, 0, 0, 0, 0, 0, 0, 0, 0, 0, 2, 0, 0, 0, 0, 0, 0, 0, 0, 1, 0, 0, 0, 0, 2, 0, 2, 0, 0, 0, 0, 0, 0, 0, 0, 0, 0, 0, 0, 0, 41.54, 0, 0, 0, 0, 0, 0, 0, 0, 11.665, 0, 0, 0, 0, 12.895, 0, 9.215, 0, 0, 0, 
50, 1, OH_RESISTANCE, 64, 8, 50, 14.2857142857143, 7, 7, 91.465, 26.1329, 7, 2, 0, 0, 0, 0, 0, 0, 0, 0, 0, 0, 2, 0, 0, 0, 0, 0, 0, 0, 0, 1, 1, 1, 0, 0, 2, 0, 2, 0, 0, 0, 0, 0, 0, 0, 0, 0, 0, 0, 0, 0, 38.58, 0, 0, 0, 0, 0, 0, 0, 0, 9.28, 11.4, 9.545, 0, 0, 14.355, 0, 8.305, 0, 0, 0, 
50, 1, OH_RESISTANCE, 54, 3, 50, 20, 5, 5, 63.2, 25.28, 5, 1, 0, 0, 0, 0, 0, 0, 0, 0, 0, 0, 1, 0, 0, 0, 0, 0, 0, 0, 0, 1, 0, 0, 0, 0, 2, 1, 1, 0, 0, 0, 0, 0, 0, 0, 0, 0, 0, 0, 0, 0, 20.585, 0, 0, 0, 0, 0, 0, 0, 0, 12.09, 0, 0, 0, 0, 15.185, 11.44, 3.9, 0, 0, 0, 
50, 2, OH_RESISTANCE, 18, 12, 50, 100, 1, 1, 11.51, 23.02, 1, 0, 0, 0, 0, 0, 0, 0, 0, 0, 0, 0, 0, 0, 0, 0, 0, 0, 0, 0, 0, 1, 0, 0, 0, 0, 0, 0, 0, 0, 0, 0, 0, 0, 0, 0, 0, 0, 0, 0, 0, 0, 0, 0, 0, 0, 0, 0, 0, 0, 0, 11.51, 0, 0, 0, 0, 0, 0, 0, 0, 0, 0, 
50, 2, OP_RESISTANCE, 84, 10, 50, 80, 1, 1, 7.245, 14.49, 1, 0, 0, 0, 0, 0, 0, 0, 0, 0, 0, 0, 0, 0, 0, 0, 0, 0, 0, 0, 0, 0, 0, 0, 1, 0, 0, 0, 0, 0, 0, 0, 0, 0, 0, 0, 0, 0, 0, 0, 0, 0, 0, 0, 0, 0, 0, 0, 0, 0, 0, 0, 0, 0, 7.245, 0, 0, 0, 0, 0, 0, 0, 
50, 2, OP_RESISTANCE, 101, 11, 50, 40, 2, 2, 13.7, 13.7, 3, 0, 0, 0, 0, 0, 0, 0, 0, 0, 0, 0, 1, 0, 0, 0, 0, 0, 0, 0, 0, 0, 0, 0, 0, 0, 1, 0, 1, 0, 0, 0, 0, 0, 0, 0, 0, 0, 0, 0, 0, 0, 5.74, 0, 0, 0, 0, 0, 0, 0, 0, 0, 0, 0, 0, 0, 5.12, 0, 2.84, 0, 0, 0, 
50, 2, OH_RESISTANCE, 99, 13, 50, 50, 2, 2, 23.26, 23.26, 2, 0, 0, 0, 0, 0, 0, 0, 0, 0, 0, 0, 0, 0, 0, 0, 0, 0, 0, 0, 0, 1, 0, 0, 0, 0, 0, 1, 0, 0, 0, 0, 0, 0, 0, 0, 0, 0, 0, 0, 0, 0, 0, 0, 0, 0, 0, 0, 0, 0, 0, 11.775, 0, 0, 0, 0, 0, 11.485, 0, 0, 0, 0, 
50, 3, OP_RESISTANCE, 17, 14, 50, 80, 1, 1, 8.325, 16.65, 1, 0, 0, 0, 0, 0, 0, 0, 0, 0, 0, 0, 0, 0, 0, 0, 0, 0, 0, 0, 0, 0, 0, 0, 1, 0, 0, 0, 0, 0, 0, 0, 0, 0, 0, 0, 0, 0, 0, 0, 0, 0, 0, 0, 0, 0, 0, 0, 0, 0, 0, 0, 0, 0, 8.325, 0, 0, 0, 0, 0, 0, 0, 
60, 1, OH_RESISTANCE, 4, 23, 60, 103.636363636364, 2, 2, 22.03, 22.03, 2, 0, 0, 0, 0, 0, 0, 0, 0, 0, 0, 0, 0, 0, 0, 0, 0, 0, 0, 0, 0, 0, 0, 0, 0, 1, 1, 0, 0, 0, 0, 0, 0, 0, 0, 0, 0, 0, 0, 0, 0, 0, 0, 0, 0, 0, 0, 0, 0, 0, 0, 0, 0, 0, 0, 13.205, 8.825, 0, 0, 0, 0, 0, 
60, 1, OH_RESISTANCE, 21, 20, 60, 109.090909090909, 1, 1, 8.5, 17, 1, 0, 0, 0, 0, 0, 0, 0, 0, 0, 0, 0, 0, 0, 0, 0, 0, 0, 0, 0, 0, 0, 0, 0, 0, 0, 1, 0, 0, 0, 0, 0, 0, 0, 0, 0, 0, 0, 0, 0, 0, 0, 0, 0, 0, 0, 0, 0, 0, 0, 0, 0, 0, 0, 0, 0, 8.5, 0, 0, 0, 0, 0, 
60, 1, OH_RESISTANCE, 43, 19, 60, 109.090909090909, 2, 2, 18.235, 18.235, 2, 0, 0, 0, 0, 0, 0, 0, 0, 0, 0, 0, 0, 0, 0, 0, 0, 0, 0, 0, 0, 0, 0, 0, 0, 0, 2, 0, 0, 0, 0, 0, 0, 0, 0, 0, 0, 0, 0, 0, 0, 0, 0, 0, 0, 0, 0, 0, 0, 0, 0, 0, 0, 0, 0, 0, 18.235, 0, 0, 0, 0, 0, 
60, 1, OP_RESISTANCE, 51, 17, 60, 48, 2, 2, 16.815, 16.815, 3, 0, 0, 0, 0, 0, 0, 0, 0, 0, 0, 0, 1, 0, 0, 0, 0, 0, 0, 0, 0, 0, 0, 0, 0, 1, 0, 0, 1, 0, 0, 0, 0, 0, 0, 0, 0, 0, 0, 0, 0, 0, 6.115, 0, 0, 0, 0, 0, 0, 0, 0, 0, 0, 0, 0, 7.74, 0, 0, 2.96, 0, 0, 0, 
60, 1, OH_RESISTANCE, 42, 25, 60, 72.7272727272727, 3, 3, 29.3, 19.5333, 3, 0, 0, 0, 0, 0, 0, 0, 0, 0, 0, 0, 0, 0, 0, 0, 0, 0, 0, 0, 0, 0, 0, 0, 0, 0, 2, 1, 0, 0, 0, 0, 0, 0, 0, 0, 0, 0, 0, 0, 0, 0, 0, 0, 0, 0, 0, 0, 0, 0, 0, 0, 0, 0, 0, 0, 16.745, 12.555, 0, 0, 0, 0, 
60, 1, OH_RESISTANCE, 38, 22, 60, 109.090909090909, 1, 1, 8.21, 16.42, 1, 0, 0, 0, 0, 0, 0, 0, 0, 0, 0, 0, 0, 0, 0, 0, 0, 0, 0, 0, 0, 0, 0, 0, 0, 0, 1, 0, 0, 0, 0, 0, 0, 0, 0, 0, 0, 0, 0, 0, 0, 0, 0, 0, 0, 0, 0, 0, 0, 0, 0, 0, 0, 0, 0, 0, 8.21, 0, 0, 0, 0, 0, 
60, 1, OH_RESISTANCE, 39, 18, 60, 109.090909090909, 2, 2, 16.14, 16.14, 2, 0, 0, 0, 0, 0, 0, 0, 0, 0, 0, 0, 0, 0, 0, 0, 0, 0, 0, 0, 0, 0, 0, 0, 0, 0, 2, 0, 0, 0, 0, 0, 0, 0, 0, 0, 0, 0, 0, 0, 0, 0, 0, 0, 0, 0, 0, 0, 0, 0, 0, 0, 0, 0, 0, 0, 16.14, 0, 0, 0, 0, 0, 
60, 1, OP_RESISTANCE, 58, 21, 60, 48, 6, 6, 46.815, 15.605, 9, 0, 0, 0, 0, 0, 0, 0, 0, 0, 0, 0, 3, 0, 0, 0, 0, 0, 0, 0, 0, 0, 1, 0, 0, 0, 2, 0, 3, 0, 0, 0, 0, 0, 0, 0, 0, 0, 0, 0, 0, 0, 18.995, 0, 0, 0, 0, 0, 0, 0, 0, 0, 7.425, 0, 0, 0, 11.435, 0, 8.96, 0, 0, 0, 
60, 1, OH_RESISTANCE, 59, 27, 60, 65.4545454545455, 5, 5, 48.035, 19.214, 5, 0, 0, 0, 0, 0, 0, 0, 0, 0, 0, 0, 0, 0, 0, 0, 0, 0, 0, 0, 0, 0, 1, 1, 0, 0, 3, 0, 0, 0, 0, 0, 0, 0, 0, 0, 0, 0, 0, 0, 0, 0, 0, 0, 0, 0, 0, 0, 0, 0, 0, 0, 11.31, 12.725, 0, 0, 24, 0, 0, 0, 0, 0, 
60, 1, OP_RESISTANCE, 48, 15, 60, 54.8571428571429, 7, 7, 51.58, 14.7371, 9, 0, 0, 0, 0, 0, 0, 0, 0, 0, 0, 0, 2, 0, 0, 0, 0, 0, 0, 0, 0, 0, 1, 0, 1, 0, 2, 1, 2, 0, 0, 0, 0, 0, 0, 0, 0, 0, 0, 0, 0, 0, 12.475, 0, 0, 0, 0, 0, 0, 0, 0, 0, 7.155, 0, 9.125, 0, 9.175, 7.67, 5.98, 0, 0, 0, 
60, 1, OH_RESISTANCE, 75, 24, 60, 103.636363636364, 2, 2, 22.405, 22.405, 2, 0, 0, 0, 0, 0, 0, 0, 0, 0, 0, 0, 0, 0, 0, 0, 0, 0, 0, 0, 0, 0, 0, 0, 0, 1, 1, 0, 0, 0, 0, 0, 0, 0, 0, 0, 0, 0, 0, 0, 0, 0, 0, 0, 0, 0, 0, 0, 0, 0, 0, 0, 0, 0, 0, 13.085, 9.32, 0, 0, 0, 0, 0, 
60, 1, OH_RESISTANCE, 77, 16, 60, 109.090909090909, 2, 2, 15.32, 15.32, 2, 0, 0, 0, 0, 0, 0, 0, 0, 0, 0, 0, 0, 0, 0, 0, 0, 0, 0, 0, 0, 0, 0, 0, 0, 0, 2, 0, 0, 0, 0, 0, 0, 0, 0, 0, 0, 0, 0, 0, 0, 0, 0, 0, 0, 0, 0, 0, 0, 0, 0, 0, 0, 0, 0, 0, 15.32, 0, 0, 0, 0, 0, 
60, 1, OH_RESISTANCE, 60, 26, 60, 72.7272727272727, 3, 3, 31.175, 20.7833, 3, 0, 0, 0, 0, 0, 0, 0, 0, 0, 0, 0, 0, 0, 0, 0, 0, 0, 0, 0, 0, 0, 1, 0, 0, 0, 2, 0, 0, 0, 0, 0, 0, 0, 0, 0, 0, 0, 0, 0, 0, 0, 0, 0, 0, 0, 0, 0, 0, 0, 0, 0, 13.66, 0, 0, 0, 17.515, 0, 0, 0, 0, 0, 
60, 2, OH_RESISTANCE, 19, 31, 60, 109.090909090909, 1, 1, 9.95, 19.9, 1, 0, 0, 0, 0, 0, 0, 0, 0, 0, 0, 0, 0, 0, 0, 0, 0, 0, 0, 0, 0, 0, 0, 0, 0, 0, 1, 0, 0, 0, 0, 0, 0, 0, 0, 0, 0, 0, 0, 0, 0, 0, 0, 0, 0, 0, 0, 0, 0, 0, 0, 0, 0, 0, 0, 0, 9.95, 0, 0, 0, 0, 0, 
60, 2, OH_RESISTANCE, 3, 32, 60, 109.090909090909, 1, 1, 8.09, 16.18, 1, 0, 0, 0, 0, 0, 0, 0, 0, 0, 0, 0, 0, 0, 0, 0, 0, 0, 0, 0, 0, 0, 0, 0, 0, 0, 1, 0, 0, 0, 0, 0, 0, 0, 0, 0, 0, 0, 0, 0, 0, 0, 0, 0, 0, 0, 0, 0, 0, 0, 0, 0, 0, 0, 0, 0, 8.09, 0, 0, 0, 0, 0, 
60, 2, OP_RESISTANCE, 86, 30, 60, 48, 2, 2, 12.43, 12.43, 2, 0, 0, 0, 0, 0, 0, 0, 0, 0, 0, 0, 0, 0, 0, 0, 0, 0, 0, 0, 0, 0, 0, 0, 0, 0, 1, 1, 0, 0, 0, 0, 0, 0, 0, 0, 0, 0, 0, 0, 0, 0, 0, 0, 0, 0, 0, 0, 0, 0, 0, 0, 0, 0, 0, 0, 4.78, 7.65, 0, 0, 0, 0, 
60, 2, OH_RESISTANCE, 110, 33, 60, 109.090909090909, 1, 1, 9.455, 18.91, 1, 0, 0, 0, 0, 0, 0, 0, 0, 0, 0, 0, 0, 0, 0, 0, 0, 0, 0, 0, 0, 0, 0, 0, 0, 0, 1, 0, 0, 0, 0, 0, 0, 0, 0, 0, 0, 0, 0, 0, 0, 0, 0, 0, 0, 0, 0, 0, 0, 0, 0, 0, 0, 0, 0, 0, 9.455, 0, 0, 0, 0, 0, 
60, 2, OP_RESISTANCE, 16, 29, 60, 48, 2, 2, 14.85, 14.85, 3, 0, 0, 0, 0, 0, 0, 0, 0, 0, 0, 0, 1, 0, 0, 0, 0, 0, 0, 0, 0, 0, 0, 0, 0, 0, 1, 0, 1, 0, 0, 0, 0, 0, 0, 0, 0, 0, 0, 0, 0, 0, 6.635, 0, 0, 0, 0, 0, 0, 0, 0, 0, 0, 0, 0, 0, 5.09, 0, 3.125, 0, 0, 0, 
60, 2, OH_RESISTANCE, 97, 28, 60, 109.090909090909, 1, 1, 6.615, 13.23, 1, 0, 0, 0, 0, 0, 0, 0, 0, 0, 0, 0, 0, 0, 0, 0, 0, 0, 0, 0, 0, 0, 0, 0, 0, 0, 1, 0, 0, 0, 0, 0, 0, 0, 0, 0, 0, 0, 0, 0, 0, 0, 0, 0, 0, 0, 0, 0, 0, 0, 0, 0, 0, 0, 0, 0, 6.615, 0, 0, 0, 0, 0, 
60, 3, OP_RESISTANCE, 2, 35, 60, 48, 2, 2, 13.735, 13.735, 3, 0, 0, 0, 0, 0, 0, 0, 0, 0, 0, 0, 1, 0, 0, 0, 0, 0, 0, 0, 0, 0, 0, 0, 0, 0, 1, 0, 1, 0, 0, 0, 0, 0, 0, 0, 0, 0, 0, 0, 0, 0, 6.1, 0, 0, 0, 0, 0, 0, 0, 0, 0, 0, 0, 0, 0, 4.725, 0, 2.91, 0, 0, 0, 
60, 3, OH_RESISTANCE, 12, 36, 60, 36.3636363636364, 3, 3, 47.1, 31.4, 3, 1, 0, 0, 0, 0, 0, 0, 0, 0, 0, 0, 1, 0, 0, 0, 0, 0, 0, 0, 0, 0, 1, 0, 0, 0, 1, 0, 1, 0, 0, 0, 0, 0, 0, 0, 0, 0, 0, 0, 0, 0, 21.625, 0, 0, 0, 0, 0, 0, 0, 0, 0, 13.19, 0, 0, 0, 7.975, 0, 4.31, 0, 0, 0, 
60, 3, OH_RESISTANCE, 11, 34, 60, 98.1818181818182, 1, 1, 11.24, 22.48, 1, 0, 0, 0, 0, 0, 0, 0, 0, 0, 0, 0, 0, 0, 0, 0, 0, 0, 0, 0, 0, 0, 0, 0, 0, 1, 0, 0, 0, 0, 0, 0, 0, 0, 0, 0, 0, 0, 0, 0, 0, 0, 0, 0, 0, 0, 0, 0, 0, 0, 0, 0, 0, 0, 0, 11.24, 0, 0, 0, 0, 0, 0, 
70, 1, OH_RESISTANCE(1), 32, 1, 0, 36.3636363636364, 4, 4, 173.51, 86.755, 0, 4, 0, 0, 0, 0, 0, 0, 0, 0, 0, 0, 0, 0, 0, 0, 0, 0, 0, 0, 0, 1, 2, 0, 0, 0, 0, 0, 1, 0, 0, 0, 0, 0, 0, 0, 0, 0, 0, 0, 0, 0, 0, 0, 0, 0, 0, 0, 0, 0, 0, 48.765, 97.975, 0, 0, 0, 0, 0, 26.77, 0, 0, 0, 
70, 1, OH_RESISTANCE(1), 54, 3, 0, 36.3636363636364, 5, 5, 196.62, 78.648, 0, 5, 0, 0, 0, 0, 0, 0, 0, 0, 0, 0, 0, 0, 0, 0, 0, 0, 0, 0, 0, 1, 0, 0, 0, 0, 2, 1, 1, 0, 0, 0, 0, 0, 0, 0, 0, 0, 0, 0, 0, 0, 0, 0, 0, 0, 0, 0, 0, 0, 0, 52.765, 0, 0, 0, 0, 69.87, 49.955, 24.03, 0, 0, 0, 
70, 1, OH_RESISTANCE(1), 66, 6, 0, 36.3636363636364, 5, 5, 164.275, 65.71, 0, 5, 0, 0, 0, 0, 0, 0, 0, 0, 0, 0, 0, 0, 0, 0, 0, 0, 0, 0, 0, 1, 0, 0, 0, 0, 2, 0, 2, 0, 0, 0, 0, 0, 0, 0, 0, 0, 0, 0, 0, 0, 0, 0, 0, 0, 0, 0, 0, 0, 0, 51.615, 0, 0, 0, 0, 59.13, 0, 53.53, 0, 0, 0, 
70, 1, OH_RESISTANCE(1), 64, 8, 0, 36.3636363636364, 7, 7, 248.84, 71.0971, 0, 7, 0, 0, 0, 0, 0, 0, 0, 0, 0, 0, 0, 0, 0, 0, 0, 0, 0, 0, 0, 1, 1, 1, 0, 0, 2, 0, 2, 0, 0, 0, 0, 0, 0, 0, 0, 0, 0, 0, 0, 0, 0, 0, 0, 0, 0, 0, 0, 0, 0, 42.41, 50.17, 43.145, 0, 0, 64.965, 0, 48.15, 0, 0, 0, 
70, 1, OP_RESISTANCE(1), 89, 37, 70, 36.3636363636364, 2, 2, 18.855, 18.855, 3, 0, 0, 0, 0, 0, 0, 0, 0, 0, 0, 0, 1, 0, 0, 0, 0, 0, 0, 0, 0, 0, 0, 0, 1, 0, 0, 0, 1, 0, 0, 0, 0, 0, 0, 0, 0, 0, 0, 0, 0, 0, 6.725, 0, 0, 0, 0, 0, 0, 0, 0, 0, 0, 0, 8.86, 0, 0, 0, 3.27, 0, 0, 0, 
70, 1, OP_RESISTANCE(1), 49, 38, 70, 36.3636363636364, 1, 1, 8.995, 17.99, 1, 0, 0, 0, 0, 0, 0, 0, 0, 0, 0, 0, 0, 0, 0, 0, 0, 0, 0, 0, 0, 0, 0, 0, 1, 0, 0, 0, 0, 0, 0, 0, 0, 0, 0, 0, 0, 0, 0, 0, 0, 0, 0, 0, 0, 0, 0, 0, 0, 0, 0, 0, 0, 0, 8.995, 0, 0, 0, 0, 0, 0, 0, 
70, 1, OP_RESISTANCE(1), 22, 39, 70, 36.3636363636364, 1, 1, 9.33, 18.66, 2, 0, 0, 0, 0, 0, 0, 0, 0, 0, 0, 0, 1, 0, 0, 0, 0, 0, 0, 0, 0, 0, 0, 0, 0, 0, 0, 0, 1, 0, 0, 0, 0, 0, 0, 0, 0, 0, 0, 0, 0, 0, 6.38, 0, 0, 0, 0, 0, 0, 0, 0, 0, 0, 0, 0, 0, 0, 0, 2.95, 0, 0, 0, 
70, 1, OP_RESISTANCE(1), 56, 40, 70, 36.3636363636364, 8, 8, 72.77, 18.1925, 15, 0, 0, 0, 0, 0, 0, 0, 0, 0, 0, 0, 7, 0, 0, 0, 0, 0, 0, 0, 0, 0, 1, 0, 0, 0, 0, 0, 7, 0, 0, 0, 0, 0, 0, 0, 0, 0, 0, 0, 0, 0, 43.135, 0, 0, 0, 0, 0, 0, 0, 0, 0, 8.235, 0, 0, 0, 0, 0, 21.4, 0, 0, 0, 
70, 1, OP_RESISTANCE(1), 81, 41, 70, 36.3636363636364, 3, 3, 26.04, 17.36, 5, 0, 0, 0, 0, 0, 0, 0, 0, 0, 0, 0, 2, 0, 0, 0, 0, 0, 0, 0, 0, 0, 0, 0, 0, 0, 1, 0, 2, 0, 0, 0, 0, 0, 0, 0, 0, 0, 0, 0, 0, 0, 13.33, 0, 0, 0, 0, 0, 0, 0, 0, 0, 0, 0, 0, 0, 6.2, 0, 6.51, 0, 0, 0, 
70, 1, OH_RESISTANCE, 102, 45, 70, 63.6363636363636, 2, 0, 0, 0, 0, 0, 0, 0, 0, 0, 0, 0, 0, 0, 0, 0, 0, 0, 0, 0, 0, 0, 0, 0, 0, 0, 0, 0, 0, 0, 0, 0, 0, 0, 0, 0, 0, 0, 0, 0, 0, 0, 0, 0, 0, 0, 0, 0, 0, 0, 0, 0, 0, 0, 0, 0, 0, 0, 0, 0, 0, 0, 0, 0, 0, 0, 
70, 1, OH_RESISTANCE, 76, 46, 70, 63.6363636363636, 4, 0, 0, 0, 0, 0, 0, 0, 0, 0, 0, 0, 0, 0, 0, 0, 0, 0, 0, 0, 0, 0, 0, 0, 0, 0, 0, 0, 0, 0, 0, 0, 0, 0, 0, 0, 0, 0, 0, 0, 0, 0, 0, 0, 0, 0, 0, 0, 0, 0, 0, 0, 0, 0, 0, 0, 0, 0, 0, 0, 0, 0, 0, 0, 0, 0, 
70, 1, OH_RESISTANCE, 105, 47, 70, 63.6363636363636, 2, 0, 0, 0, 0, 0, 0, 0, 0, 0, 0, 0, 0, 0, 0, 0, 0, 0, 0, 0, 0, 0, 0, 0, 0, 0, 0, 0, 0, 0, 0, 0, 0, 0, 0, 0, 0, 0, 0, 0, 0, 0, 0, 0, 0, 0, 0, 0, 0, 0, 0, 0, 0, 0, 0, 0, 0, 0, 0, 0, 0, 0, 0, 0, 0, 0, 
70, 1, OH_RESISTANCE, 45, 42, 70, 72.1212121212121, 9, 0, 0, 0, 0, 0, 0, 0, 0, 0, 0, 0, 0, 0, 0, 0, 0, 0, 0, 0, 0, 0, 0, 0, 0, 0, 0, 0, 0, 0, 0, 0, 0, 0, 0, 0, 0, 0, 0, 0, 0, 0, 0, 0, 0, 0, 0, 0, 0, 0, 0, 0, 0, 0, 0, 0, 0, 0, 0, 0, 0, 0, 0, 0, 0, 0, 
70, 1, OH_RESISTANCE, 62, 63, 70, 21.2121212121212, 6, 0, 0, 0, 0, 0, 0, 0, 0, 0, 0, 0, 0, 0, 0, 0, 0, 0, 0, 0, 0, 0, 0, 0, 0, 0, 0, 0, 0, 0, 0, 0, 0, 0, 0, 0, 0, 0, 0, 0, 0, 0, 0, 0, 0, 0, 0, 0, 0, 0, 0, 0, 0, 0, 0, 0, 0, 0, 0, 0, 0, 0, 0, 0, 0, 0, 
70, 1, OH_RESISTANCE, 25, 49, 70, 63.6363636363636, 4, 0, 0, 0, 0, 0, 0, 0, 0, 0, 0, 0, 0, 0, 0, 0, 0, 0, 0, 0, 0, 0, 0, 0, 0, 0, 0, 0, 0, 0, 0, 0, 0, 0, 0, 0, 0, 0, 0, 0, 0, 0, 0, 0, 0, 0, 0, 0, 0, 0, 0, 0, 0, 0, 0, 0, 0, 0, 0, 0, 0, 0, 0, 0, 0, 0, 
70, 1, OP_RESISTANCE, 26, 50, 70, 48, 7, 7, 58.98, 16.8514, 10, 0, 0, 0, 0, 0, 0, 0, 0, 0, 0, 0, 3, 0, 0, 0, 0, 0, 0, 0, 0, 1, 2, 0, 0, 0, 1, 0, 3, 0, 0, 0, 0, 0, 0, 0, 0, 0, 0, 0, 0, 0, 20.81, 0, 0, 0, 0, 0, 0, 0, 0, 7.505, 15.505, 0, 0, 0, 5.435, 0, 9.725, 0, 0, 0, 
70, 1, OH_RESISTANCE, 46, 52, 70, 63.6363636363636, 2, 0, 0, 0, 0, 0, 0, 0, 0, 0, 0, 0, 0, 0, 0, 0, 0, 0, 0, 0, 0, 0, 0, 0, 0, 0, 0, 0, 0, 0, 0, 0, 0, 0, 0, 0, 0, 0, 0, 0, 0, 0, 0, 0, 0, 0, 0, 0, 0, 0, 0, 0, 0, 0, 0, 0, 0, 0, 0, 0, 0, 0, 0, 0, 0, 0, 
70, 1, OH_RESISTANCE, 24, 48, 70, 63.6363636363636, 2, 0, 0, 0, 0, 0, 0, 0, 0, 0, 0, 0, 0, 0, 0, 0, 0, 0, 0, 0, 0, 0, 0, 0, 0, 0, 0, 0, 0, 0, 0, 0, 0, 0, 0, 0, 0, 0, 0, 0, 0, 0, 0, 0, 0, 0, 0, 0, 0, 0, 0, 0, 0, 0, 0, 0, 0, 0, 0, 0, 0, 0, 0, 0, 0, 0, 
70, 1, OH_RESISTANCE, 35, 61, 70, 28.6363636363636, 4, 0, 0, 0, 0, 0, 0, 0, 0, 0, 0, 0, 0, 0, 0, 0, 0, 0, 0, 0, 0, 0, 0, 0, 0, 0, 0, 0, 0, 0, 0, 0, 0, 0, 0, 0, 0, 0, 0, 0, 0, 0, 0, 0, 0, 0, 0, 0, 0, 0, 0, 0, 0, 0, 0, 0, 0, 0, 0, 0, 0, 0, 0, 0, 0, 0, 
70, 1, OH_RESISTANCE, 28, 57, 70, 42.4242424242424, 3, 0, 0, 0, 0, 0, 0, 0, 0, 0, 0, 0, 0, 0, 0, 0, 0, 0, 0, 0, 0, 0, 0, 0, 0, 0, 0, 0, 0, 0, 0, 0, 0, 0, 0, 0, 0, 0, 0, 0, 0, 0, 0, 0, 0, 0, 0, 0, 0, 0, 0, 0, 0, 0, 0, 0, 0, 0, 0, 0, 0, 0, 0, 0, 0, 0, 
70, 1, OH_RESISTANCE, 57, 43, 70, 63.6363636363636, 8, 0, 0, 0, 0, 0, 0, 0, 0, 0, 0, 0, 0, 0, 0, 0, 0, 0, 0, 0, 0, 0, 0, 0, 0, 0, 0, 0, 0, 0, 0, 0, 0, 0, 0, 0, 0, 0, 0, 0, 0, 0, 0, 0, 0, 0, 0, 0, 0, 0, 0, 0, 0, 0, 0, 0, 0, 0, 0, 0, 0, 0, 0, 0, 0, 0, 
70, 1, OH_RESISTANCE, 27, 60, 70, 36.3636363636364, 7, 0, 0, 0, 0, 0, 0, 0, 0, 0, 0, 0, 0, 0, 0, 0, 0, 0, 0, 0, 0, 0, 0, 0, 0, 0, 0, 0, 0, 0, 0, 0, 0, 0, 0, 0, 0, 0, 0, 0, 0, 0, 0, 0, 0, 0, 0, 0, 0, 0, 0, 0, 0, 0, 0, 0, 0, 0, 0, 0, 0, 0, 0, 0, 0, 0, 
70, 1, OP_RESISTANCE, 72, 44, 70, 49.7777777777778, 9, 9, 74.68, 16.5956, 12, 0, 0, 0, 0, 0, 0, 0, 0, 0, 0, 0, 3, 0, 0, 0, 0, 0, 0, 0, 0, 0, 3, 0, 1, 1, 1, 0, 3, 0, 0, 0, 0, 0, 0, 0, 0, 0, 0, 0, 0, 0, 19.62, 0, 0, 0, 0, 0, 0, 0, 0, 0, 23.715, 0, 9.035, 8.155, 5.11, 0, 9.045, 0, 0, 0, 
70, 1, OH_RESISTANCE, 41, 58, 70, 38.1818181818182, 3, 0, 0, 0, 0, 0, 0, 0, 0, 0, 0, 0, 0, 0, 0, 0, 0, 0, 0, 0, 0, 0, 0, 0, 0, 0, 0, 0, 0, 0, 0, 0, 0, 0, 0, 0, 0, 0, 0, 0, 0, 0, 0, 0, 0, 0, 0, 0, 0, 0, 0, 0, 0, 0, 0, 0, 0, 0, 0, 0, 0, 0, 0, 0, 0, 0, 
70, 1, OH_RESISTANCE, 69, 59, 70, 38.1818181818182, 3, 0, 0, 0, 0, 0, 0, 0, 0, 0, 0, 0, 0, 0, 0, 0, 0, 0, 0, 0, 0, 0, 0, 0, 0, 0, 0, 0, 0, 0, 0, 0, 0, 0, 0, 0, 0, 0, 0, 0, 0, 0, 0, 0, 0, 0, 0, 0, 0, 0, 0, 0, 0, 0, 0, 0, 0, 0, 0, 0, 0, 0, 0, 0, 0, 0, 
70, 1, OH_RESISTANCE, 73, 51, 70, 63.6363636363636, 6, 0, 0, 0, 0, 0, 0, 0, 0, 0, 0, 0, 0, 0, 0, 0, 0, 0, 0, 0, 0, 0, 0, 0, 0, 0, 0, 0, 0, 0, 0, 0, 0, 0, 0, 0, 0, 0, 0, 0, 0, 0, 0, 0, 0, 0, 0, 0, 0, 0, 0, 0, 0, 0, 0, 0, 0, 0, 0, 0, 0, 0, 0, 0, 0, 0, 
70, 1, OH_RESISTANCE, 71, 56, 70, 42.4242424242424, 3, 0, 0, 0, 0, 0, 0, 0, 0, 0, 0, 0, 0, 0, 0, 0, 0, 0, 0, 0, 0, 0, 0, 0, 0, 0, 0, 0, 0, 0, 0, 0, 0, 0, 0, 0, 0, 0, 0, 0, 0, 0, 0, 0, 0, 0, 0, 0, 0, 0, 0, 0, 0, 0, 0, 0, 0, 0, 0, 0, 0, 0, 0, 0, 0, 0, 
70, 1, OH_RESISTANCE, 63, 54, 70, 57.2727272727273, 2, 0, 0, 0, 0, 0, 0, 0, 0, 0, 0, 0, 0, 0, 0, 0, 0, 0, 0, 0, 0, 0, 0, 0, 0, 0, 0, 0, 0, 0, 0, 0, 0, 0, 0, 0, 0, 0, 0, 0, 0, 0, 0, 0, 0, 0, 0, 0, 0, 0, 0, 0, 0, 0, 0, 0, 0, 0, 0, 0, 0, 0, 0, 0, 0, 0, 
70, 1, OH_RESISTANCE, 53, 53, 70, 61.5151515151515, 6, 0, 0, 0, 0, 0, 0, 0, 0, 0, 0, 0, 0, 0, 0, 0, 0, 0, 0, 0, 0, 0, 0, 0, 0, 0, 0, 0, 0, 0, 0, 0, 0, 0, 0, 0, 0, 0, 0, 0, 0, 0, 0, 0, 0, 0, 0, 0, 0, 0, 0, 0, 0, 0, 0, 0, 0, 0, 0, 0, 0, 0, 0, 0, 0, 0, 
70, 1, OH_RESISTANCE, 47, 62, 70, 21.2121212121212, 6, 0, 0, 0, 0, 0, 0, 0, 0, 0, 0, 0, 0, 0, 0, 0, 0, 0, 0, 0, 0, 0, 0, 0, 0, 0, 0, 0, 0, 0, 0, 0, 0, 0, 0, 0, 0, 0, 0, 0, 0, 0, 0, 0, 0, 0, 0, 0, 0, 0, 0, 0, 0, 0, 0, 0, 0, 0, 0, 0, 0, 0, 0, 0, 0, 0, 
70, 1, OH_RESISTANCE, 80, 55, 70, 47.7272727272727, 8, 0, 0, 0, 0, 0, 0, 0, 0, 0, 0, 0, 0, 0, 0, 0, 0, 0, 0, 0, 0, 0, 0, 0, 0, 0, 0, 0, 0, 0, 0, 0, 0, 0, 0, 0, 0, 0, 0, 0, 0, 0, 0, 0, 0, 0, 0, 0, 0, 0, 0, 0, 0, 0, 0, 0, 0, 0, 0, 0, 0, 0, 0, 0, 0, 0, 
70, 2, OH_RESISTANCE(1), 18, 12, 0, 21.2121212121212, 1, 1, 51.63, 103.26, 0, 1, 0, 0, 0, 0, 0, 0, 0, 0, 0, 0, 0, 0, 0, 0, 0, 0, 0, 0, 0, 1, 0, 0, 0, 0, 0, 0, 0, 0, 0, 0, 0, 0, 0, 0, 0, 0, 0, 0, 0, 0, 0, 0, 0, 0, 0, 0, 0, 0, 0, 51.63, 0, 0, 0, 0, 0, 0, 0, 0, 0, 0, 
70, 2, OH_RESISTANCE(1), 99, 13, 0, 21.2121212121212, 2, 2, 101.82, 101.82, 0, 2, 0, 0, 0, 0, 0, 0, 0, 0, 0, 0, 0, 0, 0, 0, 0, 0, 0, 0, 0, 1, 0, 0, 0, 0, 0, 1, 0, 0, 0, 0, 0, 0, 0, 0, 0, 0, 0, 0, 0, 0, 0, 0, 0, 0, 0, 0, 0, 0, 0, 51.545, 0, 0, 0, 0, 0, 50.275, 0, 0, 0, 0, 
70, 2, OP_RESISTANCE(1), 84, 64, 70, 21.2121212121212, 1, 1, 8.21, 16.42, 1, 0, 0, 0, 0, 0, 0, 0, 0, 0, 0, 0, 0, 0, 0, 0, 0, 0, 0, 0, 0, 0, 0, 0, 1, 0, 0, 0, 0, 0, 0, 0, 0, 0, 0, 0, 0, 0, 0, 0, 0, 0, 0, 0, 0, 0, 0, 0, 0, 0, 0, 0, 0, 0, 8.21, 0, 0, 0, 0, 0, 0, 0, 
70, 2, OP_RESISTANCE(1), 101, 65, 70, 21.2121212121212, 2, 2, 15.65, 15.65, 3, 0, 0, 0, 0, 0, 0, 0, 0, 0, 0, 0, 1, 0, 0, 0, 0, 0, 0, 0, 0, 0, 0, 0, 0, 0, 1, 0, 1, 0, 0, 0, 0, 0, 0, 0, 0, 0, 0, 0, 0, 0, 6.56, 0, 0, 0, 0, 0, 0, 0, 0, 0, 0, 0, 0, 0, 5.87, 0, 3.22, 0, 0, 0, 
70, 2, OH_RESISTANCE, 14, 67, 70, 63.6363636363636, 2, 0, 0, 0, 0, 0, 0, 0, 0, 0, 0, 0, 0, 0, 0, 0, 0, 0, 0, 0, 0, 0, 0, 0, 0, 0, 0, 0, 0, 0, 0, 0, 0, 0, 0, 0, 0, 0, 0, 0, 0, 0, 0, 0, 0, 0, 0, 0, 0, 0, 0, 0, 0, 0, 0, 0, 0, 0, 0, 0, 0, 0, 0, 0, 0, 0, 
70, 2, OH_RESISTANCE, 100, 70, 70, 57.2727272727273, 2, 0, 0, 0, 0, 0, 0, 0, 0, 0, 0, 0, 0, 0, 0, 0, 0, 0, 0, 0, 0, 0, 0, 0, 0, 0, 0, 0, 0, 0, 0, 0, 0, 0, 0, 0, 0, 0, 0, 0, 0, 0, 0, 0, 0, 0, 0, 0, 0, 0, 0, 0, 0, 0, 0, 0, 0, 0, 0, 0, 0, 0, 0, 0, 0, 0, 
70, 2, OH_RESISTANCE, 106, 66, 70, 95.4545454545455, 4, 0, 0, 0, 0, 0, 0, 0, 0, 0, 0, 0, 0, 0, 0, 0, 0, 0, 0, 0, 0, 0, 0, 0, 0, 0, 0, 0, 0, 0, 0, 0, 0, 0, 0, 0, 0, 0, 0, 0, 0, 0, 0, 0, 0, 0, 0, 0, 0, 0, 0, 0, 0, 0, 0, 0, 0, 0, 0, 0, 0, 0, 0, 0, 0, 0, 
70, 2, OP_RESISTANCE, 107, 68, 70, 49.7777777777778, 9, 9, 66.745, 14.8322, 11, 0, 0, 0, 0, 0, 0, 0, 0, 0, 0, 0, 2, 0, 0, 0, 0, 0, 0, 0, 0, 0, 1, 1, 1, 0, 3, 1, 2, 0, 0, 0, 0, 0, 0, 0, 0, 0, 0, 0, 0, 0, 13.57, 0, 0, 0, 0, 0, 0, 0, 0, 0, 7.3, 8.605, 8.515, 0, 15.07, 7.635, 6.05, 0, 0, 0, 
70, 2, OH_RESISTANCE, 104, 69, 70, 63.6363636363636, 4, 0, 0, 0, 0, 0, 0, 0, 0, 0, 0, 0, 0, 0, 0, 0, 0, 0, 0, 0, 0, 0, 0, 0, 0, 0, 0, 0, 0, 0, 0, 0, 0, 0, 0, 0, 0, 0, 0, 0, 0, 0, 0, 0, 0, 0, 0, 0, 0, 0, 0, 0, 0, 0, 0, 0, 0, 0, 0, 0, 0, 0, 0, 0, 0, 0, 
70, 3, OP_RESISTANCE(1), 17, 71, 70, 57.2727272727273, 1, 1, 9.195, 18.39, 1, 0, 0, 0, 0, 0, 0, 0, 0, 0, 0, 0, 0, 0, 0, 0, 0, 0, 0, 0, 0, 0, 0, 0, 1, 0, 0, 0, 0, 0, 0, 0, 0, 0, 0, 0, 0, 0, 0, 0, 0, 0, 0, 0, 0, 0, 0, 0, 0, 0, 0, 0, 0, 0, 9.195, 0, 0, 0, 0, 0, 0, 0, 
70, 3, OP_RESISTANCE, 7, 72, 70, 56, 2, 2, 18.99, 18.99, 3, 0, 0, 0, 0, 0, 0, 0, 0, 0, 0, 0, 1, 0, 0, 0, 0, 0, 0, 0, 0, 0, 1, 0, 0, 0, 0, 0, 1, 0, 0, 0, 0, 0, 0, 0, 0, 0, 0, 0, 0, 0, 7.33, 0, 0, 0, 0, 0, 0, 0, 0, 0, 8.445, 0, 0, 0, 0, 0, 3.215, 0, 0, 0, 
80, 1, OH_RESISTANCE(1), 77, 16, 0, 56, 2, 2, 64.435, 64.435, 0, 2, 0, 0, 0, 0, 0, 0, 0, 0, 0, 0, 0, 0, 0, 0, 0, 0, 0, 0, 0, 0, 0, 0, 0, 0, 2, 0, 0, 0, 0, 0, 0, 0, 0, 0, 0, 0, 0, 0, 0, 0, 0, 0, 0, 0, 0, 0, 0, 0, 0, 0, 0, 0, 0, 0, 64.435, 0, 0, 0, 0, 0, 
80, 1, OH_RESISTANCE(1), 39, 18, 0, 56, 2, 2, 67.075, 67.075, 0, 2, 0, 0, 0, 0, 0, 0, 0, 0, 0, 0, 0, 0, 0, 0, 0, 0, 0, 0, 0, 0, 0, 0, 0, 0, 2, 0, 0, 0, 0, 0, 0, 0, 0, 0, 0, 0, 0, 0, 0, 0, 0, 0, 0, 0, 0, 0, 0, 0, 0, 0, 0, 0, 0, 0, 67.075, 0, 0, 0, 0, 0, 
80, 1, OH_RESISTANCE(1), 43, 19, 0, 56, 2, 2, 74.865, 74.865, 0, 2, 0, 0, 0, 0, 0, 0, 0, 0, 0, 0, 0, 0, 0, 0, 0, 0, 0, 0, 0, 0, 0, 0, 0, 0, 2, 0, 0, 0, 0, 0, 0, 0, 0, 0, 0, 0, 0, 0, 0, 0, 0, 0, 0, 0, 0, 0, 0, 0, 0, 0, 0, 0, 0, 0, 74.865, 0, 0, 0, 0, 0, 
80, 1, OH_RESISTANCE(1), 21, 20, 0, 56, 1, 1, 35.365, 70.73, 0, 1, 0, 0, 0, 0, 0, 0, 0, 0, 0, 0, 0, 0, 0, 0, 0, 0, 0, 0, 0, 0, 0, 0, 0, 0, 1, 0, 0, 0, 0, 0, 0, 0, 0, 0, 0, 0, 0, 0, 0, 0, 0, 0, 0, 0, 0, 0, 0, 0, 0, 0, 0, 0, 0, 0, 35.365, 0, 0, 0, 0, 0, 
80, 1, OH_RESISTANCE(1), 38, 22, 0, 56, 1, 1, 34.25, 68.5, 0, 1, 0, 0, 0, 0, 0, 0, 0, 0, 0, 0, 0, 0, 0, 0, 0, 0, 0, 0, 0, 0, 0, 0, 0, 0, 1, 0, 0, 0, 0, 0, 0, 0, 0, 0, 0, 0, 0, 0, 0, 0, 0, 0, 0, 0, 0, 0, 0, 0, 0, 0, 0, 0, 0, 0, 34.25, 0, 0, 0, 0, 0, 
80, 1, OH_RESISTANCE(1), 4, 23, 0, 56, 2, 2, 89.66, 89.66, 0, 2, 0, 0, 0, 0, 0, 0, 0, 0, 0, 0, 0, 0, 0, 0, 0, 0, 0, 0, 0, 0, 0, 0, 0, 1, 1, 0, 0, 0, 0, 0, 0, 0, 0, 0, 0, 0, 0, 0, 0, 0, 0, 0, 0, 0, 0, 0, 0, 0, 0, 0, 0, 0, 0, 53.27, 36.39, 0, 0, 0, 0, 0, 
80, 1, OH_RESISTANCE(1), 75, 24, 0, 56, 2, 2, 91.22, 91.22, 0, 2, 0, 0, 0, 0, 0, 0, 0, 0, 0, 0, 0, 0, 0, 0, 0, 0, 0, 0, 0, 0, 0, 0, 0, 1, 1, 0, 0, 0, 0, 0, 0, 0, 0, 0, 0, 0, 0, 0, 0, 0, 0, 0, 0, 0, 0, 0, 0, 0, 0, 0, 0, 0, 0, 53.17, 38.05, 0, 0, 0, 0, 0, 
80, 1, OH_RESISTANCE(1), 42, 25, 0, 56, 3, 3, 121.305, 80.87, 0, 3, 0, 0, 0, 0, 0, 0, 0, 0, 0, 0, 0, 0, 0, 0, 0, 0, 0, 0, 0, 0, 0, 0, 0, 0, 2, 1, 0, 0, 0, 0, 0, 0, 0, 0, 0, 0, 0, 0, 0, 0, 0, 0, 0, 0, 0, 0, 0, 0, 0, 0, 0, 0, 0, 0, 69.6, 51.705, 0, 0, 0, 0, 
80, 1, OH_RESISTANCE(1), 60, 26, 0, 56, 3, 3, 128.43, 85.62, 0, 3, 0, 0, 0, 0, 0, 0, 0, 0, 0, 0, 0, 0, 0, 0, 0, 0, 0, 0, 0, 0, 1, 0, 0, 0, 2, 0, 0, 0, 0, 0, 0, 0, 0, 0, 0, 0, 0, 0, 0, 0, 0, 0, 0, 0, 0, 0, 0, 0, 0, 0, 55.955, 0, 0, 0, 72.475, 0, 0, 0, 0, 0, 
80, 1, OH_RESISTANCE(1), 59, 27, 0, 56, 5, 5, 198.03, 79.212, 0, 5, 0, 0, 0, 0, 0, 0, 0, 0, 0, 0, 0, 0, 0, 0, 0, 0, 0, 0, 0, 0, 1, 1, 0, 0, 3, 0, 0, 0, 0, 0, 0, 0, 0, 0, 0, 0, 0, 0, 0, 0, 0, 0, 0, 0, 0, 0, 0, 0, 0, 0, 46.885, 51.6, 0, 0, 99.545, 0, 0, 0, 0, 0, 
80, 1, OP_RESISTANCE(1), 48, 73, 80, 56, 7, 7, 55.49, 15.8543, 9, 0, 0, 0, 0, 0, 0, 0, 0, 0, 0, 0, 2, 0, 0, 0, 0, 0, 0, 0, 0, 0, 1, 0, 1, 0, 2, 1, 2, 0, 0, 0, 0, 0, 0, 0, 0, 0, 0, 0, 0, 0, 13.58, 0, 0, 0, 0, 0, 0, 0, 0, 0, 7.705, 0, 9.475, 0, 10.105, 8.105, 6.52, 0, 0, 0, 
80, 1, OP_RESISTANCE(1), 51, 74, 80, 56, 2, 2, 18.155, 18.155, 3, 0, 0, 0, 0, 0, 0, 0, 0, 0, 0, 0, 1, 0, 0, 0, 0, 0, 0, 0, 0, 0, 0, 0, 0, 1, 0, 0, 1, 0, 0, 0, 0, 0, 0, 0, 0, 0, 0, 0, 0, 0, 6.675, 0, 0, 0, 0, 0, 0, 0, 0, 0, 0, 0, 0, 8.255, 0, 0, 3.225, 0, 0, 0, 
80, 1, OP_RESISTANCE(1), 58, 75, 80, 56, 6, 6, 50.215, 16.7383, 9, 0, 0, 0, 0, 0, 0, 0, 0, 0, 0, 0, 3, 0, 0, 0, 0, 0, 0, 0, 0, 0, 1, 0, 0, 0, 2, 0, 3, 0, 0, 0, 0, 0, 0, 0, 0, 0, 0, 0, 0, 0, 20.475, 0, 0, 0, 0, 0, 0, 0, 0, 0, 7.94, 0, 0, 0, 12.16, 0, 9.64, 0, 0, 0, 
80, 1, OH_RESISTANCE, 102, 83, 80, 72.7272727272727, 2, 0, 0, 0, 0, 0, 0, 0, 0, 0, 0, 0, 0, 0, 0, 0, 0, 0, 0, 0, 0, 0, 0, 0, 0, 0, 0, 0, 0, 0, 0, 0, 0, 0, 0, 0, 0, 0, 0, 0, 0, 0, 0, 0, 0, 0, 0, 0, 0, 0, 0, 0, 0, 0, 0, 0, 0, 0, 0, 0, 0, 0, 0, 0, 0, 0, 
80, 1, OH_RESISTANCE, 76, 84, 80, 72.7272727272727, 4, 0, 0, 0, 0, 0, 0, 0, 0, 0, 0, 0, 0, 0, 0, 0, 0, 0, 0, 0, 0, 0, 0, 0, 0, 0, 0, 0, 0, 0, 0, 0, 0, 0, 0, 0, 0, 0, 0, 0, 0, 0, 0, 0, 0, 0, 0, 0, 0, 0, 0, 0, 0, 0, 0, 0, 0, 0, 0, 0, 0, 0, 0, 0, 0, 0, 
80, 1, OH_RESISTANCE, 105, 86, 80, 72.7272727272727, 2, 0, 0, 0, 0, 0, 0, 0, 0, 0, 0, 0, 0, 0, 0, 0, 0, 0, 0, 0, 0, 0, 0, 0, 0, 0, 0, 0, 0, 0, 0, 0, 0, 0, 0, 0, 0, 0, 0, 0, 0, 0, 0, 0, 0, 0, 0, 0, 0, 0, 0, 0, 0, 0, 0, 0, 0, 0, 0, 0, 0, 0, 0, 0, 0, 0, 
80, 1, OH_RESISTANCE, 45, 76, 80, 82.4242424242424, 9, 0, 0, 0, 0, 0, 0, 0, 0, 0, 0, 0, 0, 0, 0, 0, 0, 0, 0, 0, 0, 0, 0, 0, 0, 0, 0, 0, 0, 0, 0, 0, 0, 0, 0, 0, 0, 0, 0, 0, 0, 0, 0, 0, 0, 0, 0, 0, 0, 0, 0, 0, 0, 0, 0, 0, 0, 0, 0, 0, 0, 0, 0, 0, 0, 0, 
80, 1, OP_RESISTANCE, 62, 91, 80, 42.6666666666667, 6, 6, 51.2, 17.0667, 8, 0, 0, 0, 0, 0, 0, 0, 0, 0, 0, 0, 2, 0, 0, 0, 0, 0, 0, 0, 0, 0, 1, 2, 0, 0, 1, 0, 2, 0, 0, 0, 0, 0, 0, 0, 0, 0, 0, 0, 0, 0, 14.865, 0, 0, 0, 0, 0, 0, 0, 0, 0, 8.37, 15.75, 0, 0, 5.635, 0, 6.58, 0, 0, 0, 
80, 1, OH_RESISTANCE, 25, 88, 80, 72.7272727272727, 4, 0, 0, 0, 0, 0, 0, 0, 0, 0, 0, 0, 0, 0, 0, 0, 0, 0, 0, 0, 0, 0, 0, 0, 0, 0, 0, 0, 0, 0, 0, 0, 0, 0, 0, 0, 0, 0, 0, 0, 0, 0, 0, 0, 0, 0, 0, 0, 0, 0, 0, 0, 0, 0, 0, 0, 0, 0, 0, 0, 0, 0, 0, 0, 0, 0, 
80, 1, OH_RESISTANCE, 46, 87, 80, 72.7272727272727, 2, 0, 0, 0, 0, 0, 0, 0, 0, 0, 0, 0, 0, 0, 0, 0, 0, 0, 0, 0, 0, 0, 0, 0, 0, 0, 0, 0, 0, 0, 0, 0, 0, 0, 0, 0, 0, 0, 0, 0, 0, 0, 0, 0, 0, 0, 0, 0, 0, 0, 0, 0, 0, 0, 0, 0, 0, 0, 0, 0, 0, 0, 0, 0, 0, 0, 
80, 1, OH_RESISTANCE, 24, 85, 80, 72.7272727272727, 2, 0, 0, 0, 0, 0, 0, 0, 0, 0, 0, 0, 0, 0, 0, 0, 0, 0, 0, 0, 0, 0, 0, 0, 0, 0, 0, 0, 0, 0, 0, 0, 0, 0, 0, 0, 0, 0, 0, 0, 0, 0, 0, 0, 0, 0, 0, 0, 0, 0, 0, 0, 0, 0, 0, 0, 0, 0, 0, 0, 0, 0, 0, 0, 0, 0, 
80, 1, OH_RESISTANCE, 35, 94, 80, 32.7272727272727, 4, 0, 0, 0, 0, 0, 0, 0, 0, 0, 0, 0, 0, 0, 0, 0, 0, 0, 0, 0, 0, 0, 0, 0, 0, 0, 0, 0, 0, 0, 0, 0, 0, 0, 0, 0, 0, 0, 0, 0, 0, 0, 0, 0, 0, 0, 0, 0, 0, 0, 0, 0, 0, 0, 0, 0, 0, 0, 0, 0, 0, 0, 0, 0, 0, 0, 
80, 1, OP_RESISTANCE, 28, 81, 80, 42.6666666666667, 3, 3, 23.765, 15.8433, 3, 0, 0, 0, 0, 0, 0, 0, 0, 0, 0, 0, 0, 0, 0, 0, 0, 0, 0, 0, 0, 0, 1, 0, 1, 0, 1, 0, 0, 0, 0, 0, 0, 0, 0, 0, 0, 0, 0, 0, 0, 0, 0, 0, 0, 0, 0, 0, 0, 0, 0, 0, 7.74, 0, 9.9, 0, 6.125, 0, 0, 0, 0, 0, 
80, 1, OH_RESISTANCE, 57, 79, 80, 72.7272727272727, 8, 0, 0, 0, 0, 0, 0, 0, 0, 0, 0, 0, 0, 0, 0, 0, 0, 0, 0, 0, 0, 0, 0, 0, 0, 0, 0, 0, 0, 0, 0, 0, 0, 0, 0, 0, 0, 0, 0, 0, 0, 0, 0, 0, 0, 0, 0, 0, 0, 0, 0, 0, 0, 0, 0, 0, 0, 0, 0, 0, 0, 0, 0, 0, 0, 0, 
80, 1, OH_RESISTANCE, 27, 93, 80, 41.5584415584416, 7, 0, 0, 0, 0, 0, 0, 0, 0, 0, 0, 0, 0, 0, 0, 0, 0, 0, 0, 0, 0, 0, 0, 0, 0, 0, 0, 0, 0, 0, 0, 0, 0, 0, 0, 0, 0, 0, 0, 0, 0, 0, 0, 0, 0, 0, 0, 0, 0, 0, 0, 0, 0, 0, 0, 0, 0, 0, 0, 0, 0, 0, 0, 0, 0, 0, 
80, 1, OP_RESISTANCE, 41, 77, 80, 42.6666666666667, 3, 3, 26.4, 17.6, 3, 0, 0, 0, 0, 0, 0, 0, 0, 0, 0, 0, 0, 0, 0, 0, 0, 0, 0, 0, 0, 0, 1, 0, 1, 1, 0, 0, 0, 0, 0, 0, 0, 0, 0, 0, 0, 0, 0, 0, 0, 0, 0, 0, 0, 0, 0, 0, 0, 0, 0, 0, 8.305, 0, 9.31, 8.785, 0, 0, 0, 0, 0, 0, 
80, 1, OP_RESISTANCE, 69, 82, 80, 42.6666666666667, 3, 3, 28.47, 18.98, 4, 0, 0, 0, 0, 0, 0, 0, 0, 0, 0, 0, 1, 0, 0, 0, 0, 0, 0, 0, 0, 0, 0, 1, 0, 1, 0, 0, 1, 0, 0, 0, 0, 0, 0, 0, 0, 0, 0, 0, 0, 0, 6.87, 0, 0, 0, 0, 0, 0, 0, 0, 0, 0, 8.77, 0, 9.705, 0, 0, 3.125, 0, 0, 0, 
80, 1, OH_RESISTANCE, 73, 78, 80, 72.7272727272727, 6, 0, 0, 0, 0, 0, 0, 0, 0, 0, 0, 0, 0, 0, 0, 0, 0, 0, 0, 0, 0, 0, 0, 0, 0, 0, 0, 0, 0, 0, 0, 0, 0, 0, 0, 0, 0, 0, 0, 0, 0, 0, 0, 0, 0, 0, 0, 0, 0, 0, 0, 0, 0, 0, 0, 0, 0, 0, 0, 0, 0, 0, 0, 0, 0, 0, 
80, 1, OP_RESISTANCE, 71, 80, 80, 42.6666666666667, 3, 3, 24.56, 16.3733, 4, 0, 0, 0, 0, 0, 0, 0, 0, 0, 0, 0, 1, 0, 0, 0, 0, 0, 0, 0, 0, 0, 1, 0, 0, 0, 1, 0, 1, 0, 0, 0, 0, 0, 0, 0, 0, 0, 0, 0, 0, 0, 7.355, 0, 0, 0, 0, 0, 0, 0, 0, 0, 8.285, 0, 0, 0, 5.665, 0, 3.255, 0, 0, 0, 
80, 1, OH_RESISTANCE, 63, 90, 80, 65.4545454545455, 2, 0, 0, 0, 0, 0, 0, 0, 0, 0, 0, 0, 0, 0, 0, 0, 0, 0, 0, 0, 0, 0, 0, 0, 0, 0, 0, 0, 0, 0, 0, 0, 0, 0, 0, 0, 0, 0, 0, 0, 0, 0, 0, 0, 0, 0, 0, 0, 0, 0, 0, 0, 0, 0, 0, 0, 0, 0, 0, 0, 0, 0, 0, 0, 0, 0, 
80, 1, OH_RESISTANCE, 53, 89, 80, 70.3030303030303, 6, 0, 0, 0, 0, 0, 0, 0, 0, 0, 0, 0, 0, 0, 0, 0, 0, 0, 0, 0, 0, 0, 0, 0, 0, 0, 0, 0, 0, 0, 0, 0, 0, 0, 0, 0, 0, 0, 0, 0, 0, 0, 0, 0, 0, 0, 0, 0, 0, 0, 0, 0, 0, 0, 0, 0, 0, 0, 0, 0, 0, 0, 0, 0, 0, 0, 
80, 1, OH_RESISTANCE, 47, 95, 80, 24.2424242424242, 6, 0, 0, 0, 0, 0, 0, 0, 0, 0, 0, 0, 0, 0, 0, 0, 0, 0, 0, 0, 0, 0, 0, 0, 0, 0, 0, 0, 0, 0, 0, 0, 0, 0, 0, 0, 0, 0, 0, 0, 0, 0, 0, 0, 0, 0, 0, 0, 0, 0, 0, 0, 0, 0, 0, 0, 0, 0, 0, 0, 0, 0, 0, 0, 0, 0, 
80, 1, OH_RESISTANCE, 80, 92, 80, 54.5454545454545, 8, 0, 0, 0, 0, 0, 0, 0, 0, 0, 0, 0, 0, 0, 0, 0, 0, 0, 0, 0, 0, 0, 0, 0, 0, 0, 0, 0, 0, 0, 0, 0, 0, 0, 0, 0, 0, 0, 0, 0, 0, 0, 0, 0, 0, 0, 0, 0, 0, 0, 0, 0, 0, 0, 0, 0, 0, 0, 0, 0, 0, 0, 0, 0, 0, 0, 
80, 2, OH_RESISTANCE(1), 97, 28, 0, 24.2424242424242, 1, 1, 28.055, 56.11, 0, 1, 0, 0, 0, 0, 0, 0, 0, 0, 0, 0, 0, 0, 0, 0, 0, 0, 0, 0, 0, 0, 0, 0, 0, 0, 1, 0, 0, 0, 0, 0, 0, 0, 0, 0, 0, 0, 0, 0, 0, 0, 0, 0, 0, 0, 0, 0, 0, 0, 0, 0, 0, 0, 0, 0, 28.055, 0, 0, 0, 0, 0, 
80, 2, OH_RESISTANCE(1), 19, 31, 0, 24.2424242424242, 1, 1, 40.66, 81.32, 0, 1, 0, 0, 0, 0, 0, 0, 0, 0, 0, 0, 0, 0, 0, 0, 0, 0, 0, 0, 0, 0, 0, 0, 0, 0, 1, 0, 0, 0, 0, 0, 0, 0, 0, 0, 0, 0, 0, 0, 0, 0, 0, 0, 0, 0, 0, 0, 0, 0, 0, 0, 0, 0, 0, 0, 40.66, 0, 0, 0, 0, 0, 
80, 2, OH_RESISTANCE(1), 3, 32, 0, 24.2424242424242, 1, 1, 33.545, 67.09, 0, 1, 0, 0, 0, 0, 0, 0, 0, 0, 0, 0, 0, 0, 0, 0, 0, 0, 0, 0, 0, 0, 0, 0, 0, 0, 1, 0, 0, 0, 0, 0, 0, 0, 0, 0, 0, 0, 0, 0, 0, 0, 0, 0, 0, 0, 0, 0, 0, 0, 0, 0, 0, 0, 0, 0, 33.545, 0, 0, 0, 0, 0, 
80, 2, OH_RESISTANCE(1), 110, 33, 0, 24.2424242424242, 1, 1, 38.92, 77.84, 0, 1, 0, 0, 0, 0, 0, 0, 0, 0, 0, 0, 0, 0, 0, 0, 0, 0, 0, 0, 0, 0, 0, 0, 0, 0, 1, 0, 0, 0, 0, 0, 0, 0, 0, 0, 0, 0, 0, 0, 0, 0, 0, 0, 0, 0, 0, 0, 0, 0, 0, 0, 0, 0, 0, 0, 38.92, 0, 0, 0, 0, 0, 
80, 2, OP_RESISTANCE(1), 16, 96, 80, 24.2424242424242, 2, 2, 15.955, 15.955, 3, 0, 0, 0, 0, 0, 0, 0, 0, 0, 0, 0, 1, 0, 0, 0, 0, 0, 0, 0, 0, 0, 0, 0, 0, 0, 1, 0, 1, 0, 0, 0, 0, 0, 0, 0, 0, 0, 0, 0, 0, 0, 7.13, 0, 0, 0, 0, 0, 0, 0, 0, 0, 0, 0, 0, 0, 5.49, 0, 3.335, 0, 0, 0, 
80, 2, OP_RESISTANCE(1), 86, 97, 80, 24.2424242424242, 2, 2, 13.265, 13.265, 2, 0, 0, 0, 0, 0, 0, 0, 0, 0, 0, 0, 0, 0, 0, 0, 0, 0, 0, 0, 0, 0, 0, 0, 0, 0, 1, 1, 0, 0, 0, 0, 0, 0, 0, 0, 0, 0, 0, 0, 0, 0, 0, 0, 0, 0, 0, 0, 0, 0, 0, 0, 0, 0, 0, 0, 5.135, 8.13, 0, 0, 0, 0, 
80, 2, OH_RESISTANCE, 14, 100, 80, 72.7272727272727, 2, 0, 0, 0, 0, 0, 0, 0, 0, 0, 0, 0, 0, 0, 0, 0, 0, 0, 0, 0, 0, 0, 0, 0, 0, 0, 0, 0, 0, 0, 0, 0, 0, 0, 0, 0, 0, 0, 0, 0, 0, 0, 0, 0, 0, 0, 0, 0, 0, 0, 0, 0, 0, 0, 0, 0, 0, 0, 0, 0, 0, 0, 0, 0, 0, 0, 
80, 2, OH_RESISTANCE, 100, 102, 80, 65.4545454545455, 2, 0, 0, 0, 0, 0, 0, 0, 0, 0, 0, 0, 0, 0, 0, 0, 0, 0, 0, 0, 0, 0, 0, 0, 0, 0, 0, 0, 0, 0, 0, 0, 0, 0, 0, 0, 0, 0, 0, 0, 0, 0, 0, 0, 0, 0, 0, 0, 0, 0, 0, 0, 0, 0, 0, 0, 0, 0, 0, 0, 0, 0, 0, 0, 0, 0, 
80, 2, OH_RESISTANCE, 106, 99, 80, 109.090909090909, 4, 0, 0, 0, 0, 0, 0, 0, 0, 0, 0, 0, 0, 0, 0, 0, 0, 0, 0, 0, 0, 0, 0, 0, 0, 0, 0, 0, 0, 0, 0, 0, 0, 0, 0, 0, 0, 0, 0, 0, 0, 0, 0, 0, 0, 0, 0, 0, 0, 0, 0, 0, 0, 0, 0, 0, 0, 0, 0, 0, 0, 0, 0, 0, 0, 0, 
80, 2, OP_RESISTANCE, 109, 98, 80, 42.6666666666667, 3, 3, 27.65, 18.4333, 4, 0, 0, 0, 0, 0, 0, 0, 0, 0, 0, 0, 1, 0, 0, 0, 0, 0, 0, 0, 0, 0, 1, 1, 0, 0, 0, 0, 1, 0, 0, 0, 0, 0, 0, 0, 0, 0, 0, 0, 0, 0, 6.775, 0, 0, 0, 0, 0, 0, 0, 0, 0, 8.835, 8.95, 0, 0, 0, 0, 3.09, 0, 0, 0, 
80, 2, OH_RESISTANCE, 104, 101, 80, 72.7272727272727, 4, 0, 0, 0, 0, 0, 0, 0, 0, 0, 0, 0, 0, 0, 0, 0, 0, 0, 0, 0, 0, 0, 0, 0, 0, 0, 0, 0, 0, 0, 0, 0, 0, 0, 0, 0, 0, 0, 0, 0, 0, 0, 0, 0, 0, 0, 0, 0, 0, 0, 0, 0, 0, 0, 0, 0, 0, 0, 0, 0, 0, 0, 0, 0, 0, 0, 
80, 3, OH_RESISTANCE(1), 11, 34, 0, 65.4545454545455, 1, 1, 45.8, 91.6, 0, 1, 0, 0, 0, 0, 0, 0, 0, 0, 0, 0, 0, 0, 0, 0, 0, 0, 0, 0, 0, 0, 0, 0, 0, 1, 0, 0, 0, 0, 0, 0, 0, 0, 0, 0, 0, 0, 0, 0, 0, 0, 0, 0, 0, 0, 0, 0, 0, 0, 0, 0, 0, 0, 0, 45.8, 0, 0, 0, 0, 0, 0, 
80, 3, OH_RESISTANCE(1), 12, 36, 0, 65.4545454545455, 3, 3, 109.905, 73.27, 0, 3, 0, 0, 0, 0, 0, 0, 0, 0, 0, 0, 0, 0, 0, 0, 0, 0, 0, 0, 0, 0, 1, 0, 0, 0, 1, 0, 1, 0, 0, 0, 0, 0, 0, 0, 0, 0, 0, 0, 0, 0, 0, 0, 0, 0, 0, 0, 0, 0, 0, 0, 53.39, 0, 0, 0, 33.15, 0, 23.365, 0, 0, 0, 
80, 3, OP_RESISTANCE(1), 2, 103, 80, 65.4545454545455, 2, 2, 14.965, 14.965, 3, 0, 0, 0, 0, 0, 0, 0, 0, 0, 0, 0, 1, 0, 0, 0, 0, 0, 0, 0, 0, 0, 0, 0, 0, 0, 1, 0, 1, 0, 0, 0, 0, 0, 0, 0, 0, 0, 0, 0, 0, 0, 6.615, 0, 0, 0, 0, 0, 0, 0, 0, 0, 0, 0, 0, 0, 5.19, 0, 3.16, 0, 0, 0, 
90, 1, OP_RESISTANCE(2), 89, 104, 90, 65.4545454545455, 2, 2, 20.025, 20.025, 3, 0, 0, 0, 0, 0, 0, 0, 0, 0, 0, 0, 1, 0, 0, 0, 0, 0, 0, 0, 0, 0, 0, 0, 1, 0, 0, 0, 1, 0, 0, 0, 0, 0, 0, 0, 0, 0, 0, 0, 0, 0, 7.41, 0, 0, 0, 0, 0, 0, 0, 0, 0, 0, 0, 9.16, 0, 0, 0, 3.455, 0, 0, 0, 
90, 1, OP_RESISTANCE(2), 49, 105, 90, 65.4545454545455, 1, 1, 9.335, 18.67, 1, 0, 0, 0, 0, 0, 0, 0, 0, 0, 0, 0, 0, 0, 0, 0, 0, 0, 0, 0, 0, 0, 0, 0, 1, 0, 0, 0, 0, 0, 0, 0, 0, 0, 0, 0, 0, 0, 0, 0, 0, 0, 0, 0, 0, 0, 0, 0, 0, 0, 0, 0, 0, 0, 9.335, 0, 0, 0, 0, 0, 0, 0, 
90, 1, OP_RESISTANCE(2), 22, 106, 90, 65.4545454545455, 1, 1, 10.07, 20.14, 2, 0, 0, 0, 0, 0, 0, 0, 0, 0, 0, 0, 1, 0, 0, 0, 0, 0, 0, 0, 0, 0, 0, 0, 0, 0, 0, 0, 1, 0, 0, 0, 0, 0, 0, 0, 0, 0, 0, 0, 0, 0, 6.945, 0, 0, 0, 0, 0, 0, 0, 0, 0, 0, 0, 0, 0, 0, 0, 3.125, 0, 0, 0, 
90, 1, OP_RESISTANCE(2), 56, 107, 90, 65.4545454545455, 8, 8, 78.035, 19.5088, 15, 0, 0, 0, 0, 0, 0, 0, 0, 0, 0, 0, 7, 0, 0, 0, 0, 0, 0, 0, 0, 0, 1, 0, 0, 0, 0, 0, 7, 0, 0, 0, 0, 0, 0, 0, 0, 0, 0, 0, 0, 0, 46.635, 0, 0, 0, 0, 0, 0, 0, 0, 0, 8.62, 0, 0, 0, 0, 0, 22.78, 0, 0, 0, 
90, 1, OP_RESISTANCE(2), 81, 108, 90, 65.4545454545455, 3, 3, 27.82, 18.5467, 5, 0, 0, 0, 0, 0, 0, 0, 0, 0, 0, 0, 2, 0, 0, 0, 0, 0, 0, 0, 0, 0, 0, 0, 0, 0, 1, 0, 2, 0, 0, 0, 0, 0, 0, 0, 0, 0, 0, 0, 0, 0, 14.45, 0, 0, 0, 0, 0, 0, 0, 0, 0, 0, 0, 0, 0, 6.48, 0, 6.89, 0, 0, 0, 
90, 1, OP_RESISTANCE(1), 72, 109, 90, 65.4545454545455, 9, 9, 75.99, 16.8867, 12, 0, 0, 0, 0, 0, 0, 0, 0, 0, 0, 0, 3, 0, 0, 0, 0, 0, 0, 0, 0, 0, 3, 0, 1, 1, 1, 0, 3, 0, 0, 0, 0, 0, 0, 0, 0, 0, 0, 0, 0, 0, 19.855, 0, 0, 0, 0, 0, 0, 0, 0, 0, 24.19, 0, 9.075, 8.25, 5.285, 0, 9.335, 0, 0, 0, 
90, 1, OP_RESISTANCE(1), 26, 110, 90, 65.4545454545455, 7, 7, 60.42, 17.2629, 10, 0, 0, 0, 0, 0, 0, 0, 0, 0, 0, 0, 3, 0, 0, 0, 0, 0, 0, 0, 0, 1, 2, 0, 0, 0, 1, 0, 3, 0, 0, 0, 0, 0, 0, 0, 0, 0, 0, 0, 0, 0, 21.305, 0, 0, 0, 0, 0, 0, 0, 0, 7.705, 15.895, 0, 0, 0, 5.555, 0, 9.96, 0, 0, 0, 
90, 1, OH_RESISTANCE, 102, 116, 90, 81.8181818181818, 2, 0, 0, 0, 0, 0, 0, 0, 0, 0, 0, 0, 0, 0, 0, 0, 0, 0, 0, 0, 0, 0, 0, 0, 0, 0, 0, 0, 0, 0, 0, 0, 0, 0, 0, 0, 0, 0, 0, 0, 0, 0, 0, 0, 0, 0, 0, 0, 0, 0, 0, 0, 0, 0, 0, 0, 0, 0, 0, 0, 0, 0, 0, 0, 0, 0, 
90, 1, OH_RESISTANCE, 76, 117, 90, 81.8181818181818, 4, 0, 0, 0, 0, 0, 0, 0, 0, 0, 0, 0, 0, 0, 0, 0, 0, 0, 0, 0, 0, 0, 0, 0, 0, 0, 0, 0, 0, 0, 0, 0, 0, 0, 0, 0, 0, 0, 0, 0, 0, 0, 0, 0, 0, 0, 0, 0, 0, 0, 0, 0, 0, 0, 0, 0, 0, 0, 0, 0, 0, 0, 0, 0, 0, 0, 
90, 1, OH_RESISTANCE, 105, 118, 90, 81.8181818181818, 2, 0, 0, 0, 0, 0, 0, 0, 0, 0, 0, 0, 0, 0, 0, 0, 0, 0, 0, 0, 0, 0, 0, 0, 0, 0, 0, 0, 0, 0, 0, 0, 0, 0, 0, 0, 0, 0, 0, 0, 0, 0, 0, 0, 0, 0, 0, 0, 0, 0, 0, 0, 0, 0, 0, 0, 0, 0, 0, 0, 0, 0, 0, 0, 0, 0, 
90, 1, OH_RESISTANCE, 45, 111, 90, 92.7272727272727, 9, 0, 0, 0, 0, 0, 0, 0, 0, 0, 0, 0, 0, 0, 0, 0, 0, 0, 0, 0, 0, 0, 0, 0, 0, 0, 0, 0, 0, 0, 0, 0, 0, 0, 0, 0, 0, 0, 0, 0, 0, 0, 0, 0, 0, 0, 0, 0, 0, 0, 0, 0, 0, 0, 0, 0, 0, 0, 0, 0, 0, 0, 0, 0, 0, 0, 
90, 1, OH_RESISTANCE, 25, 120, 90, 81.8181818181818, 4, 0, 0, 0, 0, 0, 0, 0, 0, 0, 0, 0, 0, 0, 0, 0, 0, 0, 0, 0, 0, 0, 0, 0, 0, 0, 0, 0, 0, 0, 0, 0, 0, 0, 0, 0, 0, 0, 0, 0, 0, 0, 0, 0, 0, 0, 0, 0, 0, 0, 0, 0, 0, 0, 0, 0, 0, 0, 0, 0, 0, 0, 0, 0, 0, 0, 
90, 1, OP_RESISTANCE, 61, 126, 90, 36, 4, 4, 35.075, 17.5375, 5, 0, 0, 0, 0, 0, 0, 0, 0, 0, 0, 0, 1, 0, 0, 0, 0, 0, 0, 0, 0, 0, 3, 0, 0, 0, 0, 0, 1, 0, 0, 0, 0, 0, 0, 0, 0, 0, 0, 0, 0, 0, 6.66, 0, 0, 0, 0, 0, 0, 0, 0, 0, 25.405, 0, 0, 0, 0, 0, 3.01, 0, 0, 0, 
90, 1, OH_RESISTANCE, 46, 114, 90, 81.8181818181818, 2, 0, 0, 0, 0, 0, 0, 0, 0, 0, 0, 0, 0, 0, 0, 0, 0, 0, 0, 0, 0, 0, 0, 0, 0, 0, 0, 0, 0, 0, 0, 0, 0, 0, 0, 0, 0, 0, 0, 0, 0, 0, 0, 0, 0, 0, 0, 0, 0, 0, 0, 0, 0, 0, 0, 0, 0, 0, 0, 0, 0, 0, 0, 0, 0, 0, 
90, 1, OH_RESISTANCE, 24, 119, 90, 81.8181818181818, 2, 0, 0, 0, 0, 0, 0, 0, 0, 0, 0, 0, 0, 0, 0, 0, 0, 0, 0, 0, 0, 0, 0, 0, 0, 0, 0, 0, 0, 0, 0, 0, 0, 0, 0, 0, 0, 0, 0, 0, 0, 0, 0, 0, 0, 0, 0, 0, 0, 0, 0, 0, 0, 0, 0, 0, 0, 0, 0, 0, 0, 0, 0, 0, 0, 0, 
90, 1, OH_RESISTANCE, 35, 124, 90, 36.8181818181818, 4, 0, 0, 0, 0, 0, 0, 0, 0, 0, 0, 0, 0, 0, 0, 0, 0, 0, 0, 0, 0, 0, 0, 0, 0, 0, 0, 0, 0, 0, 0, 0, 0, 0, 0, 0, 0, 0, 0, 0, 0, 0, 0, 0, 0, 0, 0, 0, 0, 0, 0, 0, 0, 0, 0, 0, 0, 0, 0, 0, 0, 0, 0, 0, 0, 0, 
90, 1, OH_RESISTANCE, 57, 115, 90, 81.8181818181818, 8, 0, 0, 0, 0, 0, 0, 0, 0, 0, 0, 0, 0, 0, 0, 0, 0, 0, 0, 0, 0, 0, 0, 0, 0, 0, 0, 0, 0, 0, 0, 0, 0, 0, 0, 0, 0, 0, 0, 0, 0, 0, 0, 0, 0, 0, 0, 0, 0, 0, 0, 0, 0, 0, 0, 0, 0, 0, 0, 0, 0, 0, 0, 0, 0, 0, 
90, 1, OP_RESISTANCE, 27, 113, 90, 41.1428571428571, 7, 7, 58.285, 16.6529, 8, 0, 0, 0, 0, 0, 0, 0, 0, 0, 0, 0, 1, 0, 0, 0, 0, 0, 0, 0, 0, 0, 3, 0, 1, 0, 2, 0, 1, 0, 0, 0, 0, 0, 0, 0, 0, 0, 0, 0, 0, 0, 7.935, 0, 0, 0, 0, 0, 0, 0, 0, 0, 25.485, 0, 9.46, 0, 11.92, 0, 3.485, 0, 0, 0, 
90, 1, OP_RESISTANCE, 73, 112, 90, 48, 6, 6, 48.05, 16.0167, 8, 0, 0, 0, 0, 0, 0, 0, 0, 0, 0, 0, 2, 0, 0, 0, 0, 0, 0, 0, 0, 0, 1, 0, 0, 0, 3, 0, 2, 0, 0, 0, 0, 0, 0, 0, 0, 0, 0, 0, 0, 0, 15.55, 0, 0, 0, 0, 0, 0, 0, 0, 0, 8.485, 0, 0, 0, 17.585, 0, 6.43, 0, 0, 0, 
90, 1, OH_RESISTANCE, 63, 122, 90, 73.6363636363636, 2, 0, 0, 0, 0, 0, 0, 0, 0, 0, 0, 0, 0, 0, 0, 0, 0, 0, 0, 0, 0, 0, 0, 0, 0, 0, 0, 0, 0, 0, 0, 0, 0, 0, 0, 0, 0, 0, 0, 0, 0, 0, 0, 0, 0, 0, 0, 0, 0, 0, 0, 0, 0, 0, 0, 0, 0, 0, 0, 0, 0, 0, 0, 0, 0, 0, 
90, 1, OH_RESISTANCE, 53, 121, 90, 79.0909090909091, 6, 0, 0, 0, 0, 0, 0, 0, 0, 0, 0, 0, 0, 0, 0, 0, 0, 0, 0, 0, 0, 0, 0, 0, 0, 0, 0, 0, 0, 0, 0, 0, 0, 0, 0, 0, 0, 0, 0, 0, 0, 0, 0, 0, 0, 0, 0, 0, 0, 0, 0, 0, 0, 0, 0, 0, 0, 0, 0, 0, 0, 0, 0, 0, 0, 0, 
90, 1, OH_RESISTANCE, 47, 125, 90, 27.2727272727273, 6, 0, 0, 0, 0, 0, 0, 0, 0, 0, 0, 0, 0, 0, 0, 0, 0, 0, 0, 0, 0, 0, 0, 0, 0, 0, 0, 0, 0, 0, 0, 0, 0, 0, 0, 0, 0, 0, 0, 0, 0, 0, 0, 0, 0, 0, 0, 0, 0, 0, 0, 0, 0, 0, 0, 0, 0, 0, 0, 0, 0, 0, 0, 0, 0, 0, 
90, 1, OH_RESISTANCE, 80, 123, 90, 61.3636363636364, 8, 0, 0, 0, 0, 0, 0, 0, 0, 0, 0, 0, 0, 0, 0, 0, 0, 0, 0, 0, 0, 0, 0, 0, 0, 0, 0, 0, 0, 0, 0, 0, 0, 0, 0, 0, 0, 0, 0, 0, 0, 0, 0, 0, 0, 0, 0, 0, 0, 0, 0, 0, 0, 0, 0, 0, 0, 0, 0, 0, 0, 0, 0, 0, 0, 0, 
90, 2, OP_RESISTANCE(2), 84, 127, 90, 36, 1, 1, 8.57, 17.14, 1, 0, 0, 0, 0, 0, 0, 0, 0, 0, 0, 0, 0, 0, 0, 0, 0, 0, 0, 0, 0, 0, 0, 0, 1, 0, 0, 0, 0, 0, 0, 0, 0, 0, 0, 0, 0, 0, 0, 0, 0, 0, 0, 0, 0, 0, 0, 0, 0, 0, 0, 0, 0, 0, 8.57, 0, 0, 0, 0, 0, 0, 0, 
90, 2, OP_RESISTANCE(2), 101, 128, 90, 36, 2, 2, 16.685, 16.685, 3, 0, 0, 0, 0, 0, 0, 0, 0, 0, 0, 0, 1, 0, 0, 0, 0, 0, 0, 0, 0, 0, 0, 0, 0, 0, 1, 0, 1, 0, 0, 0, 0, 0, 0, 0, 0, 0, 0, 0, 0, 0, 7.12, 0, 0, 0, 0, 0, 0, 0, 0, 0, 0, 0, 0, 0, 6.14, 0, 3.425, 0, 0, 0, 
90, 2, OP_RESISTANCE(1), 107, 129, 90, 36, 9, 9, 68.35, 15.1889, 11, 0, 0, 0, 0, 0, 0, 0, 0, 0, 0, 0, 2, 0, 0, 0, 0, 0, 0, 0, 0, 0, 1, 1, 1, 0, 3, 1, 2, 0, 0, 0, 0, 0, 0, 0, 0, 0, 0, 0, 0, 0, 13.805, 0, 0, 0, 0, 0, 0, 0, 0, 0, 7.535, 8.675, 8.61, 0, 15.66, 7.8, 6.265, 0, 0, 0, 
90, 2, OH_RESISTANCE, 14, 131, 90, 81.8181818181818, 2, 0, 0, 0, 0, 0, 0, 0, 0, 0, 0, 0, 0, 0, 0, 0, 0, 0, 0, 0, 0, 0, 0, 0, 0, 0, 0, 0, 0, 0, 0, 0, 0, 0, 0, 0, 0, 0, 0, 0, 0, 0, 0, 0, 0, 0, 0, 0, 0, 0, 0, 0, 0, 0, 0, 0, 0, 0, 0, 0, 0, 0, 0, 0, 0, 0, 
90, 2, OH_RESISTANCE, 100, 133, 90, 73.6363636363636, 2, 0, 0, 0, 0, 0, 0, 0, 0, 0, 0, 0, 0, 0, 0, 0, 0, 0, 0, 0, 0, 0, 0, 0, 0, 0, 0, 0, 0, 0, 0, 0, 0, 0, 0, 0, 0, 0, 0, 0, 0, 0, 0, 0, 0, 0, 0, 0, 0, 0, 0, 0, 0, 0, 0, 0, 0, 0, 0, 0, 0, 0, 0, 0, 0, 0, 
90, 2, OH_RESISTANCE, 106, 130, 90, 122.727272727273, 4, 0, 0, 0, 0, 0, 0, 0, 0, 0, 0, 0, 0, 0, 0, 0, 0, 0, 0, 0, 0, 0, 0, 0, 0, 0, 0, 0, 0, 0, 0, 0, 0, 0, 0, 0, 0, 0, 0, 0, 0, 0, 0, 0, 0, 0, 0, 0, 0, 0, 0, 0, 0, 0, 0, 0, 0, 0, 0, 0, 0, 0, 0, 0, 0, 0, 
90, 2, OP_RESISTANCE, 104, 132, 90, 36, 4, 4, 32.84, 16.42, 5, 0, 0, 0, 0, 0, 0, 0, 0, 0, 0, 0, 1, 0, 0, 0, 0, 0, 0, 0, 0, 0, 1, 0, 0, 0, 2, 0, 1, 0, 0, 0, 0, 0, 0, 0, 0, 0, 0, 0, 0, 0, 7.81, 0, 0, 0, 0, 0, 0, 0, 0, 0, 9.235, 0, 0, 0, 12.21, 0, 3.585, 0, 0, 0, 
90, 3, OP_RESISTANCE(2), 17, 134, 90, 73.6363636363636, 1, 1, 9.505, 19.01, 1, 0, 0, 0, 0, 0, 0, 0, 0, 0, 0, 0, 0, 0, 0, 0, 0, 0, 0, 0, 0, 0, 0, 0, 1, 0, 0, 0, 0, 0, 0, 0, 0, 0, 0, 0, 0, 0, 0, 0, 0, 0, 0, 0, 0, 0, 0, 0, 0, 0, 0, 0, 0, 0, 9.505, 0, 0, 0, 0, 0, 0, 0, 
90, 3, OP_RESISTANCE(1), 7, 135, 90, 73.6363636363636, 2, 2, 19.35, 19.35, 3, 0, 0, 0, 0, 0, 0, 0, 0, 0, 0, 0, 1, 0, 0, 0, 0, 0, 0, 0, 0, 0, 1, 0, 0, 0, 0, 0, 1, 0, 0, 0, 0, 0, 0, 0, 0, 0, 0, 0, 0, 0, 7.45, 0, 0, 0, 0, 0, 0, 0, 0, 0, 8.615, 0, 0, 0, 0, 0, 3.285, 0, 0, 0, 
100, 1, OP_RESISTANCE(2), 48, 136, 100, 73.6363636363636, 7, 7, 57.255, 16.3586, 9, 0, 0, 0, 0, 0, 0, 0, 0, 0, 0, 0, 2, 0, 0, 0, 0, 0, 0, 0, 0, 0, 1, 0, 1, 0, 2, 1, 2, 0, 0, 0, 0, 0, 0, 0, 0, 0, 0, 0, 0, 0, 14.34, 0, 0, 0, 0, 0, 0, 0, 0, 0, 7.905, 0, 9.585, 0, 10.465, 8.275, 6.685, 0, 0, 0, 
100, 1, OP_RESISTANCE(2), 51, 137, 100, 73.6363636363636, 2, 2, 18.715, 18.715, 3, 0, 0, 0, 0, 0, 0, 0, 0, 0, 0, 0, 1, 0, 0, 0, 0, 0, 0, 0, 0, 0, 0, 0, 0, 1, 0, 0, 1, 0, 0, 0, 0, 0, 0, 0, 0, 0, 0, 0, 0, 0, 7.015, 0, 0, 0, 0, 0, 0, 0, 0, 0, 0, 0, 0, 8.39, 0, 0, 3.31, 0, 0, 0, 
100, 1, OP_RESISTANCE(2), 58, 138, 100, 73.6363636363636, 6, 6, 51.8, 17.2667, 9, 0, 0, 0, 0, 0, 0, 0, 0, 0, 0, 0, 3, 0, 0, 0, 0, 0, 0, 0, 0, 0, 1, 0, 0, 0, 2, 0, 3, 0, 0, 0, 0, 0, 0, 0, 0, 0, 0, 0, 0, 0, 21.36, 0, 0, 0, 0, 0, 0, 0, 0, 0, 8.12, 0, 0, 0, 12.42, 0, 9.9, 0, 0, 0, 
100, 1, OP_RESISTANCE(1), 41, 139, 100, 73.6363636363636, 3, 3, 25.94, 17.2933, 3, 0, 0, 0, 0, 0, 0, 0, 0, 0, 0, 0, 0, 0, 0, 0, 0, 0, 0, 0, 0, 0, 1, 0, 1, 1, 0, 0, 0, 0, 0, 0, 0, 0, 0, 0, 0, 0, 0, 0, 0, 0, 0, 0, 0, 0, 0, 0, 0, 0, 0, 0, 8.21, 0, 9.16, 8.57, 0, 0, 0, 0, 0, 0, 
100, 1, OP_RESISTANCE(1), 71, 140, 100, 73.6363636363636, 3, 3, 24.155, 16.1033, 4, 0, 0, 0, 0, 0, 0, 0, 0, 0, 0, 0, 1, 0, 0, 0, 0, 0, 0, 0, 0, 0, 1, 0, 0, 0, 1, 0, 1, 0, 0, 0, 0, 0, 0, 0, 0, 0, 0, 0, 0, 0, 7.13, 0, 0, 0, 0, 0, 0, 0, 0, 0, 8.13, 0, 0, 0, 5.65, 0, 3.245, 0, 0, 0, 
100, 1, OP_RESISTANCE(1), 28, 141, 100, 73.6363636363636, 3, 3, 23.42, 15.6133, 3, 0, 0, 0, 0, 0, 0, 0, 0, 0, 0, 0, 0, 0, 0, 0, 0, 0, 0, 0, 0, 0, 1, 0, 1, 0, 1, 0, 0, 0, 0, 0, 0, 0, 0, 0, 0, 0, 0, 0, 0, 0, 0, 0, 0, 0, 0, 0, 0, 0, 0, 0, 7.715, 0, 9.675, 0, 6.03, 0, 0, 0, 0, 0, 
100, 1, OP_RESISTANCE(1), 69, 142, 100, 73.6363636363636, 3, 3, 27.72, 18.48, 4, 0, 0, 0, 0, 0, 0, 0, 0, 0, 0, 0, 1, 0, 0, 0, 0, 0, 0, 0, 0, 0, 0, 1, 0, 1, 0, 0, 1, 0, 0, 0, 0, 0, 0, 0, 0, 0, 0, 0, 0, 0, 6.63, 0, 0, 0, 0, 0, 0, 0, 0, 0, 0, 8.525, 0, 9.44, 0, 0, 3.125, 0, 0, 0, 
100, 1, OP_RESISTANCE(1), 62, 143, 100, 73.6363636363636, 6, 6, 50.49, 16.83, 8, 0, 0, 0, 0, 0, 0, 0, 0, 0, 0, 0, 2, 0, 0, 0, 0, 0, 0, 0, 0, 0, 1, 2, 0, 0, 1, 0, 2, 0, 0, 0, 0, 0, 0, 0, 0, 0, 0, 0, 0, 0, 14.6, 0, 0, 0, 0, 0, 0, 0, 0, 0, 8.26, 15.48, 0, 0, 5.585, 0, 6.565, 0, 0, 0, 
100, 1, OH_RESISTANCE, 102, 153, 100, 90.9090909090909, 2, 0, 0, 0, 0, 0, 0, 0, 0, 0, 0, 0, 0, 0, 0, 0, 0, 0, 0, 0, 0, 0, 0, 0, 0, 0, 0, 0, 0, 0, 0, 0, 0, 0, 0, 0, 0, 0, 0, 0, 0, 0, 0, 0, 0, 0, 0, 0, 0, 0, 0, 0, 0, 0, 0, 0, 0, 0, 0, 0, 0, 0, 0, 0, 0, 0, 
100, 1, OP_RESISTANCE, 76, 146, 100, 40, 4, 4, 32.635, 16.3175, 5, 0, 0, 0, 0, 0, 0, 0, 0, 0, 0, 0, 1, 0, 0, 0, 0, 0, 0, 0, 0, 0, 1, 0, 0, 0, 2, 0, 1, 0, 0, 0, 0, 0, 0, 0, 0, 0, 0, 0, 0, 0, 7.61, 0, 0, 0, 0, 0, 0, 0, 0, 0, 9.445, 0, 0, 0, 12.24, 0, 3.34, 0, 0, 0, 
100, 1, OH_RESISTANCE, 105, 150, 100, 90.9090909090909, 2, 0, 0, 0, 0, 0, 0, 0, 0, 0, 0, 0, 0, 0, 0, 0, 0, 0, 0, 0, 0, 0, 0, 0, 0, 0, 0, 0, 0, 0, 0, 0, 0, 0, 0, 0, 0, 0, 0, 0, 0, 0, 0, 0, 0, 0, 0, 0, 0, 0, 0, 0, 0, 0, 0, 0, 0, 0, 0, 0, 0, 0, 0, 0, 0, 0, 
100, 1, OH_RESISTANCE, 45, 144, 100, 103.030303030303, 9, 0, 0, 0, 0, 0, 0, 0, 0, 0, 0, 0, 0, 0, 0, 0, 0, 0, 0, 0, 0, 0, 0, 0, 0, 0, 0, 0, 0, 0, 0, 0, 0, 0, 0, 0, 0, 0, 0, 0, 0, 0, 0, 0, 0, 0, 0, 0, 0, 0, 0, 0, 0, 0, 0, 0, 0, 0, 0, 0, 0, 0, 0, 0, 0, 0, 
100, 1, OH_RESISTANCE, 25, 152, 100, 90.9090909090909, 4, 0, 0, 0, 0, 0, 0, 0, 0, 0, 0, 0, 0, 0, 0, 0, 0, 0, 0, 0, 0, 0, 0, 0, 0, 0, 0, 0, 0, 0, 0, 0, 0, 0, 0, 0, 0, 0, 0, 0, 0, 0, 0, 0, 0, 0, 0, 0, 0, 0, 0, 0, 0, 0, 0, 0, 0, 0, 0, 0, 0, 0, 0, 0, 0, 0, 
100, 1, OH_RESISTANCE, 46, 145, 100, 90.9090909090909, 2, 0, 0, 0, 0, 0, 0, 0, 0, 0, 0, 0, 0, 0, 0, 0, 0, 0, 0, 0, 0, 0, 0, 0, 0, 0, 0, 0, 0, 0, 0, 0, 0, 0, 0, 0, 0, 0, 0, 0, 0, 0, 0, 0, 0, 0, 0, 0, 0, 0, 0, 0, 0, 0, 0, 0, 0, 0, 0, 0, 0, 0, 0, 0, 0, 0, 
100, 1, OH_RESISTANCE, 24, 148, 100, 90.9090909090909, 2, 0, 0, 0, 0, 0, 0, 0, 0, 0, 0, 0, 0, 0, 0, 0, 0, 0, 0, 0, 0, 0, 0, 0, 0, 0, 0, 0, 0, 0, 0, 0, 0, 0, 0, 0, 0, 0, 0, 0, 0, 0, 0, 0, 0, 0, 0, 0, 0, 0, 0, 0, 0, 0, 0, 0, 0, 0, 0, 0, 0, 0, 0, 0, 0, 0, 
100, 1, OP_RESISTANCE, 35, 147, 100, 40, 4, 4, 37.19, 18.595, 5, 0, 0, 0, 0, 0, 0, 0, 0, 0, 0, 0, 1, 0, 0, 0, 0, 0, 0, 0, 0, 0, 2, 0, 0, 1, 0, 0, 1, 0, 0, 0, 0, 0, 0, 0, 0, 0, 0, 0, 0, 0, 8.29, 0, 0, 0, 0, 0, 0, 0, 0, 0, 17.275, 0, 0, 8.13, 0, 0, 3.495, 0, 0, 0, 
100, 1, OH_RESISTANCE, 57, 149, 100, 90.9090909090909, 8, 0, 0, 0, 0, 0, 0, 0, 0, 0, 0, 0, 0, 0, 0, 0, 0, 0, 0, 0, 0, 0, 0, 0, 0, 0, 0, 0, 0, 0, 0, 0, 0, 0, 0, 0, 0, 0, 0, 0, 0, 0, 0, 0, 0, 0, 0, 0, 0, 0, 0, 0, 0, 0, 0, 0, 0, 0, 0, 0, 0, 0, 0, 0, 0, 0, 
100, 1, OH_RESISTANCE, 63, 155, 100, 81.8181818181818, 2, 0, 0, 0, 0, 0, 0, 0, 0, 0, 0, 0, 0, 0, 0, 0, 0, 0, 0, 0, 0, 0, 0, 0, 0, 0, 0, 0, 0, 0, 0, 0, 0, 0, 0, 0, 0, 0, 0, 0, 0, 0, 0, 0, 0, 0, 0, 0, 0, 0, 0, 0, 0, 0, 0, 0, 0, 0, 0, 0, 0, 0, 0, 0, 0, 0, 
100, 1, OH_RESISTANCE, 53, 154, 100, 87.8787878787879, 6, 0, 0, 0, 0, 0, 0, 0, 0, 0, 0, 0, 0, 0, 0, 0, 0, 0, 0, 0, 0, 0, 0, 0, 0, 0, 0, 0, 0, 0, 0, 0, 0, 0, 0, 0, 0, 0, 0, 0, 0, 0, 0, 0, 0, 0, 0, 0, 0, 0, 0, 0, 0, 0, 0, 0, 0, 0, 0, 0, 0, 0, 0, 0, 0, 0, 
100, 1, OH_RESISTANCE, 47, 156, 100, 30.3030303030303, 6, 0, 0, 0, 0, 0, 0, 0, 0, 0, 0, 0, 0, 0, 0, 0, 0, 0, 0, 0, 0, 0, 0, 0, 0, 0, 0, 0, 0, 0, 0, 0, 0, 0, 0, 0, 0, 0, 0, 0, 0, 0, 0, 0, 0, 0, 0, 0, 0, 0, 0, 0, 0, 0, 0, 0, 0, 0, 0, 0, 0, 0, 0, 0, 0, 0, 
100, 1, OP_RESISTANCE, 80, 151, 100, 40, 8, 8, 66.44, 16.61, 10, 0, 0, 0, 0, 0, 0, 0, 0, 0, 0, 0, 2, 0, 0, 0, 0, 0, 0, 0, 0, 0, 3, 0, 0, 0, 3, 0, 2, 0, 0, 0, 0, 0, 0, 0, 0, 0, 0, 0, 0, 0, 14.5, 0, 0, 0, 0, 0, 0, 0, 0, 0, 27.725, 0, 0, 0, 17.56, 0, 6.655, 0, 0, 0, 
100, 2, OP_RESISTANCE(2), 16, 157, 100, 30.3030303030303, 2, 2, 16.42, 16.42, 3, 0, 0, 0, 0, 0, 0, 0, 0, 0, 0, 0, 1, 0, 0, 0, 0, 0, 0, 0, 0, 0, 0, 0, 0, 0, 1, 0, 1, 0, 0, 0, 0, 0, 0, 0, 0, 0, 0, 0, 0, 0, 7.385, 0, 0, 0, 0, 0, 0, 0, 0, 0, 0, 0, 0, 0, 5.64, 0, 3.395, 0, 0, 0, 
100, 2, OP_RESISTANCE(2), 86, 158, 100, 30.3030303030303, 2, 2, 13.535, 13.535, 2, 0, 0, 0, 0, 0, 0, 0, 0, 0, 0, 0, 0, 0, 0, 0, 0, 0, 0, 0, 0, 0, 0, 0, 0, 0, 1, 1, 0, 0, 0, 0, 0, 0, 0, 0, 0, 0, 0, 0, 0, 0, 0, 0, 0, 0, 0, 0, 0, 0, 0, 0, 0, 0, 0, 0, 5.27, 8.265, 0, 0, 0, 0, 
100, 2, OP_RESISTANCE(1), 109, 159, 100, 30.3030303030303, 3, 3, 27.03, 18.02, 4, 0, 0, 0, 0, 0, 0, 0, 0, 0, 0, 0, 1, 0, 0, 0, 0, 0, 0, 0, 0, 0, 1, 1, 0, 0, 0, 0, 1, 0, 0, 0, 0, 0, 0, 0, 0, 0, 0, 0, 0, 0, 6.57, 0, 0, 0, 0, 0, 0, 0, 0, 0, 8.66, 8.71, 0, 0, 0, 0, 3.09, 0, 0, 0, 
100, 2, OH_RESISTANCE, 14, 161, 100, 90.9090909090909, 2, 0, 0, 0, 0, 0, 0, 0, 0, 0, 0, 0, 0, 0, 0, 0, 0, 0, 0, 0, 0, 0, 0, 0, 0, 0, 0, 0, 0, 0, 0, 0, 0, 0, 0, 0, 0, 0, 0, 0, 0, 0, 0, 0, 0, 0, 0, 0, 0, 0, 0, 0, 0, 0, 0, 0, 0, 0, 0, 0, 0, 0, 0, 0, 0, 0, 
100, 2, OH_RESISTANCE, 100, 162, 100, 81.8181818181818, 2, 0, 0, 0, 0, 0, 0, 0, 0, 0, 0, 0, 0, 0, 0, 0, 0, 0, 0, 0, 0, 0, 0, 0, 0, 0, 0, 0, 0, 0, 0, 0, 0, 0, 0, 0, 0, 0, 0, 0, 0, 0, 0, 0, 0, 0, 0, 0, 0, 0, 0, 0, 0, 0, 0, 0, 0, 0, 0, 0, 0, 0, 0, 0, 0, 0, 
100, 2, OH_RESISTANCE, 106, 160, 100, 136.363636363636, 4, 0, 0, 0, 0, 0, 0, 0, 0, 0, 0, 0, 0, 0, 0, 0, 0, 0, 0, 0, 0, 0, 0, 0, 0, 0, 0, 0, 0, 0, 0, 0, 0, 0, 0, 0, 0, 0, 0, 0, 0, 0, 0, 0, 0, 0, 0, 0, 0, 0, 0, 0, 0, 0, 0, 0, 0, 0, 0, 0, 0, 0, 0, 0, 0, 0, 
100, 3, OP_RESISTANCE(2), 2, 163, 100, 81.8181818181818, 2, 2, 15.45, 15.45, 3, 0, 0, 0, 0, 0, 0, 0, 0, 0, 0, 0, 1, 0, 0, 0, 0, 0, 0, 0, 0, 0, 0, 0, 0, 0, 1, 0, 1, 0, 0, 0, 0, 0, 0, 0, 0, 0, 0, 0, 0, 0, 6.84, 0, 0, 0, 0, 0, 0, 0, 0, 0, 0, 0, 0, 0, 5.365, 0, 3.245, 0, 0, 0, 
